year,month,country_1,admin1,location,infra_cate,infra,sub_event_,damage_inf,severity_i,notes,fatalities,actor1,assoc_acto,inter1,actor2,assoc_ac_1,inter2,latitude,longitude,coordinate,source,radio,mcc,net,area,distance_to_event_m
2022,5,Mali,Segou,Lougui,communications,other,Looting/property destruction,sabotage,disruption,"Looting: On 3 May 2022, Wagner forces raided the Tuareg village of Lougui (Niono, Segou). The force searched the village, pillaged the market and seized belongings including valuables and cash from residents. The mercenaries had cut the Nampala telecommu",0,Wagner Group,,External and Other Forces,Civilians (Mali),Tuareg Ethnic Group (Mali),Civilians,14.9822,-5.6052,"14.9822,-5.6052",Armed Conflict Location & Event Data Project (ACLED); www.acleddata.com,NA,NA,NA,NA,NA
2022,5,Mali,Segou,Lougui,communications,other,Looting/property destruction,sabotage,disruption,"Looting: On 3 May 2022, Wagner forces raided the Tuareg village of Lougui (Niono, Segou). The force searched the village, pillaged the market and seized belongings including valuables and cash from residents. The mercenaries had cut the Nampala telecommu",0,Wagner Group,,External and Other Forces,Civilians (Mali),Tuareg Ethnic Group (Mali),Civilians,14.9822,-5.6052,"14.9822,-5.6052",Armed Conflict Location & Event Data Project (ACLED); www.acleddata.com,NA,NA,NA,NA,NA
2022,5,Mali,Segou,Lougui,communications,other,Looting/property destruction,sabotage,disruption,"Looting: On 3 May 2022, Wagner forces raided the Tuareg village of Lougui (Niono, Segou). The force searched the village, pillaged the market and seized belongings including valuables and cash from residents. The mercenaries had cut the Nampala telecommu",0,Wagner Group,,External and Other Forces,Civilians (Mali),Tuareg Ethnic Group (Mali),Civilians,14.9822,-5.6052,"14.9822,-5.6052",Armed Conflict Location & Event Data Project (ACLED); www.acleddata.com,NA,NA,NA,NA,NA
2021,10,Mali,Tombouctou,Tintelout,communications,antenna,Looting/property destruction,destruction,destroyed,"Property destruction: On 17 October 2021, JNIM militants destroyed a telecommunications antenna in the village of Tintelout (Tombouctou, Tombouctou).",0,JNIM: Group for Support of Islam and Muslims,,Rebel Groups,Civilians (Mali),,Civilians,16.648,-3.2444,"16.648,-3.2444",Armed Conflict Location & Event Data Project (ACLED); www.acleddata.com,NA,NA,NA,NA,NA
2021,10,Mali,Tombouctou,Tintelout,communications,antenna,Looting/property destruction,destruction,destroyed,"Property destruction: On 17 October 2021, JNIM militants destroyed a telecommunications antenna in the village of Tintelout (Tombouctou, Tombouctou).",0,JNIM: Group for Support of Islam and Muslims,,Rebel Groups,Civilians (Mali),,Civilians,16.648,-3.2444,"16.648,-3.2444",Armed Conflict Location & Event Data Project (ACLED); www.acleddata.com,NA,NA,NA,NA,NA
2021,10,Mali,Tombouctou,Tintelout,communications,antenna,Looting/property destruction,destruction,destroyed,"Property destruction: On 17 October 2021, JNIM militants destroyed a telecommunications antenna in the village of Tintelout (Tombouctou, Tombouctou).",0,JNIM: Group for Support of Islam and Muslims,,Rebel Groups,Civilians (Mali),,Civilians,16.648,-3.2444,"16.648,-3.2444",Armed Conflict Location & Event Data Project (ACLED); www.acleddata.com,NA,NA,NA,NA,NA
2021,8,Mali,Gao,Intahaka,communications,antenna,Looting/property destruction,ransacking,unknown,"Property destruction: On 13 August 2021, suspected JNIM militants vandalized a telecommunications antenna in the commune of Intahaka (Gao, Gao).",0,JNIM: Group for Support of Islam and Muslims,,Rebel Groups,Civilians (Mali),,Civilians,16.2036,-0.4769,"16.2036,-0.4769",Armed Conflict Location & Event Data Project (ACLED); www.acleddata.com,NA,NA,NA,NA,NA
2021,8,Mali,Gao,Intahaka,communications,antenna,Looting/property destruction,ransacking,unknown,"Property destruction: On 13 August 2021, suspected JNIM militants vandalized a telecommunications antenna in the commune of Intahaka (Gao, Gao).",0,JNIM: Group for Support of Islam and Muslims,,Rebel Groups,Civilians (Mali),,Civilians,16.2036,-0.4769,"16.2036,-0.4769",Armed Conflict Location & Event Data Project (ACLED); www.acleddata.com,NA,NA,NA,NA,NA
2021,8,Mali,Gao,Intahaka,communications,antenna,Looting/property destruction,ransacking,unknown,"Property destruction: On 13 August 2021, suspected JNIM militants vandalized a telecommunications antenna in the commune of Intahaka (Gao, Gao).",0,JNIM: Group for Support of Islam and Muslims,,Rebel Groups,Civilians (Mali),,Civilians,16.2036,-0.4769,"16.2036,-0.4769",Armed Conflict Location & Event Data Project (ACLED); www.acleddata.com,NA,NA,NA,NA,NA
2022,4,Mali,Mopti,Ouo-Sarre,communications,antenna,Looting/property destruction,sabotage_removed,unknown,"Property destruction: On 25 April 2022, presumed JNIM militants sabotaged a telecommunications antenna by destroying solar panels in the village of Ouo-Sarre (Bandiagara, Mopti).",0,JNIM: Group for Support of Islam and Muslims,,Rebel Groups,Civilians (Mali),,Civilians,14.0914,-3.7893,"14.0914,-3.7893",Armed Conflict Location & Event Data Project (ACLED); www.acleddata.com,GSM,610,1,3025,2431.950240113807
2022,4,Mali,Mopti,Ouo-Sarre,communications,antenna,Looting/property destruction,sabotage_removed,unknown,"Property destruction: On 25 April 2022, presumed JNIM militants sabotaged a telecommunications antenna by destroying solar panels in the village of Ouo-Sarre (Bandiagara, Mopti).",0,JNIM: Group for Support of Islam and Muslims,,Rebel Groups,Civilians (Mali),,Civilians,14.0914,-3.7893,"14.0914,-3.7893",Armed Conflict Location & Event Data Project (ACLED); www.acleddata.com,GSM,610,1,3025,5493.113434307681
2022,4,Mali,Mopti,Ouo-Sarre,communications,antenna,Looting/property destruction,sabotage_removed,unknown,"Property destruction: On 25 April 2022, presumed JNIM militants sabotaged a telecommunications antenna by destroying solar panels in the village of Ouo-Sarre (Bandiagara, Mopti).",0,JNIM: Group for Support of Islam and Muslims,,Rebel Groups,Civilians (Mali),,Civilians,14.0914,-3.7893,"14.0914,-3.7893",Armed Conflict Location & Event Data Project (ACLED); www.acleddata.com,GSM,610,1,3025,5493.113434307681
2019,6,Mali,Mopti,Yoro,communications,other,Attack on civilians,ransacking,unknown,"On 26 June 2019, suspected Katiba Macina (JNIM) militants attacked the Dogon village of Yoro, and killed one individual, wounded two others, pillaged shops, seized livestock, and ransacked the telecommunications network.",1,JNIM: Group for Support of Islam and Muslims,Katiba Macina,Rebel Groups,Civilians (Mali),Dogon Ethnic Group (Mali),Civilians,14.2793,-2.1354,"14.2793,-2.1354",Armed Conflict Location & Event Data Project (ACLED); www.acleddata.com,NA,NA,NA,NA,NA
2019,6,Mali,Mopti,Yoro,communications,other,Attack on civilians,ransacking,unknown,"On 26 June 2019, suspected Katiba Macina (JNIM) militants attacked the Dogon village of Yoro, and killed one individual, wounded two others, pillaged shops, seized livestock, and ransacked the telecommunications network.",1,JNIM: Group for Support of Islam and Muslims,Katiba Macina,Rebel Groups,Civilians (Mali),Dogon Ethnic Group (Mali),Civilians,14.2793,-2.1354,"14.2793,-2.1354",Armed Conflict Location & Event Data Project (ACLED); www.acleddata.com,NA,NA,NA,NA,NA
2019,6,Mali,Mopti,Yoro,communications,other,Attack on civilians,ransacking,unknown,"On 26 June 2019, suspected Katiba Macina (JNIM) militants attacked the Dogon village of Yoro, and killed one individual, wounded two others, pillaged shops, seized livestock, and ransacked the telecommunications network.",1,JNIM: Group for Support of Islam and Muslims,Katiba Macina,Rebel Groups,Civilians (Mali),Dogon Ethnic Group (Mali),Civilians,14.2793,-2.1354,"14.2793,-2.1354",Armed Conflict Location & Event Data Project (ACLED); www.acleddata.com,NA,NA,NA,NA,NA
2022,4,Mali,Segou,Diora,communications,antenna,Looting/property destruction,destruction,destroyed,"Property destruction: On 17 April 2022, presumed JNIM militants destroyed a telecommunications antenna in the commune of Diora, location coded as Diora (Tominian, Segou).",0,JNIM: Group for Support of Islam and Muslims,,Rebel Groups,Civilians (Mali),,Civilians,12.8592,-4.6738,"12.8592,-4.6738",Armed Conflict Location & Event Data Project (ACLED); www.acleddata.com,NA,NA,NA,NA,NA
2022,4,Mali,Segou,Diora,communications,antenna,Looting/property destruction,destruction,destroyed,"Property destruction: On 17 April 2022, presumed JNIM militants destroyed a telecommunications antenna in the commune of Diora, location coded as Diora (Tominian, Segou).",0,JNIM: Group for Support of Islam and Muslims,,Rebel Groups,Civilians (Mali),,Civilians,12.8592,-4.6738,"12.8592,-4.6738",Armed Conflict Location & Event Data Project (ACLED); www.acleddata.com,NA,NA,NA,NA,NA
2022,4,Mali,Segou,Diora,communications,antenna,Looting/property destruction,destruction,destroyed,"Property destruction: On 17 April 2022, presumed JNIM militants destroyed a telecommunications antenna in the commune of Diora, location coded as Diora (Tominian, Segou).",0,JNIM: Group for Support of Islam and Muslims,,Rebel Groups,Civilians (Mali),,Civilians,12.8592,-4.6738,"12.8592,-4.6738",Armed Conflict Location & Event Data Project (ACLED); www.acleddata.com,NA,NA,NA,NA,NA
2022,1,Mali,Sikasso,Tandio,communications,antenna,Abduction/forced disappearance,sabotage,unknown,"On 19 January 2022, presumed JNIM militants abducted a civilian and sabotaged a telecommunications antenna in the village of Tandio (Yorosso, Sikasso).",0,JNIM: Group for Support of Islam and Muslims,,Rebel Groups,Civilians (Mali),,Civilians,12.1623,-4.9589,"12.1623,-4.9589",Armed Conflict Location & Event Data Project (ACLED); www.acleddata.com,GSM,610,1,4010,5908.843522497389
2022,1,Mali,Sikasso,Tandio,communications,antenna,Abduction/forced disappearance,sabotage,unknown,"On 19 January 2022, presumed JNIM militants abducted a civilian and sabotaged a telecommunications antenna in the village of Tandio (Yorosso, Sikasso).",0,JNIM: Group for Support of Islam and Muslims,,Rebel Groups,Civilians (Mali),,Civilians,12.1623,-4.9589,"12.1623,-4.9589",Armed Conflict Location & Event Data Project (ACLED); www.acleddata.com,GSM,610,2,30021,7171.322726158565
2022,1,Mali,Segou,Mandiakuy,communications,antenna,Looting/property destruction,sabotage,unknown,"Property destruction: On 15 January 2022, presumed JNIM militants sabotaged a telecommunications antenna in the town of Mandiakuy (Tominian, Segou).",0,JNIM: Group for Support of Islam and Muslims,,Rebel Groups,Civilians (Mali),,Civilians,13.0179,-4.466,"13.0179,-4.466",Armed Conflict Location & Event Data Project (ACLED); www.acleddata.com,NA,NA,NA,NA,NA
2022,1,Mali,Segou,Mandiakuy,communications,antenna,Looting/property destruction,sabotage,unknown,"Property destruction: On 15 January 2022, presumed JNIM militants sabotaged a telecommunications antenna in the town of Mandiakuy (Tominian, Segou).",0,JNIM: Group for Support of Islam and Muslims,,Rebel Groups,Civilians (Mali),,Civilians,13.0179,-4.466,"13.0179,-4.466",Armed Conflict Location & Event Data Project (ACLED); www.acleddata.com,NA,NA,NA,NA,NA
2022,1,Mali,Segou,Mandiakuy,communications,antenna,Looting/property destruction,sabotage,unknown,"Property destruction: On 15 January 2022, presumed JNIM militants sabotaged a telecommunications antenna in the town of Mandiakuy (Tominian, Segou).",0,JNIM: Group for Support of Islam and Muslims,,Rebel Groups,Civilians (Mali),,Civilians,13.0179,-4.466,"13.0179,-4.466",Armed Conflict Location & Event Data Project (ACLED); www.acleddata.com,NA,NA,NA,NA,NA
2020,2,Mali,Gao,Tin Hama,communications,radio station,Attack on civilians,arson,burned,"On 12 February 2020, presumed ISGS militants attacked Tin-Hamma (Ansongo, Gao). The militants burned administrative documents at a school and at the mayor's office. The local radio was also set ablaze.",0,Islamic State (West Africa) - Greater Sahara Faction,,Rebel Groups,Civilians (Mali),Government of Mali (2013-2020); Labour Group (Mali),Civilians,15.5821,0.8908,"15.5821,0.8908",Armed Conflict Location & Event Data Project (ACLED); www.acleddata.com,NA,NA,NA,NA,NA
2020,2,Mali,Gao,Tin Hama,communications,radio station,Attack on civilians,arson,burned,"On 12 February 2020, presumed ISGS militants attacked Tin-Hamma (Ansongo, Gao). The militants burned administrative documents at a school and at the mayor's office. The local radio was also set ablaze.",0,Islamic State (West Africa) - Greater Sahara Faction,,Rebel Groups,Civilians (Mali),Government of Mali (2013-2020); Labour Group (Mali),Civilians,15.5821,0.8908,"15.5821,0.8908",Armed Conflict Location & Event Data Project (ACLED); www.acleddata.com,NA,NA,NA,NA,NA
2020,2,Mali,Gao,Tin Hama,communications,radio station,Attack on civilians,arson,burned,"On 12 February 2020, presumed ISGS militants attacked Tin-Hamma (Ansongo, Gao). The militants burned administrative documents at a school and at the mayor's office. The local radio was also set ablaze.",0,Islamic State (West Africa) - Greater Sahara Faction,,Rebel Groups,Civilians (Mali),Government of Mali (2013-2020); Labour Group (Mali),Civilians,15.5821,0.8908,"15.5821,0.8908",Armed Conflict Location & Event Data Project (ACLED); www.acleddata.com,NA,NA,NA,NA,NA
2017,10,Mali,Segou,Wa,communications,installation,Armed clash,sabotage,disruption,"The village of Ouan (Cercle of Tominian) also under attack, telecomms cut, one gendarme killed two wounded. JNIM claimed the attack on October, 26th.",1,JNIM: Group for Support of Islam and Muslims,,Rebel Groups,Police Forces of Mali (2013-2020) Gendarmerie,,State Forces,13.6933,-4.4005,"13.6933,-4.4005",Armed Conflict Location & Event Data Project (ACLED); www.acleddata.com,GSM,610,1,3020,2592.8579308038466
2017,10,Mali,Segou,Wa,communications,installation,Armed clash,sabotage,disruption,"The village of Ouan (Cercle of Tominian) also under attack, telecomms cut, one gendarme killed two wounded. JNIM claimed the attack on October, 26th.",1,JNIM: Group for Support of Islam and Muslims,,Rebel Groups,Police Forces of Mali (2013-2020) Gendarmerie,,State Forces,13.6933,-4.4005,"13.6933,-4.4005",Armed Conflict Location & Event Data Project (ACLED); www.acleddata.com,GSM,610,1,3020,5254.164892900227
2017,10,Mali,Segou,Wa,communications,installation,Armed clash,sabotage,disruption,"The village of Ouan (Cercle of Tominian) also under attack, telecomms cut, one gendarme killed two wounded. JNIM claimed the attack on October, 26th.",1,JNIM: Group for Support of Islam and Muslims,,Rebel Groups,Police Forces of Mali (2013-2020) Gendarmerie,,State Forces,13.6933,-4.4005,"13.6933,-4.4005",Armed Conflict Location & Event Data Project (ACLED); www.acleddata.com,GSM,610,1,3020,8576.290662624144
2022,5,Mali,Gao,Gounga,communications,antenna,Looting/property destruction,destruction,destroyed,"Property destruction: On 9 May 2022, IS Sahel militants destroyed a telecommunications antenna in the village of Gounga (Ansongo, Gao).",0,Islamic State (West Africa) - Greater Sahara Faction,,Rebel Groups,Civilians (Mali),,Civilians,15.4992,0.549,"15.4992,0.549",Armed Conflict Location & Event Data Project (ACLED); www.acleddata.com,NA,NA,NA,NA,NA
2022,5,Mali,Gao,Gounga,communications,antenna,Looting/property destruction,destruction,destroyed,"Property destruction: On 9 May 2022, IS Sahel militants destroyed a telecommunications antenna in the village of Gounga (Ansongo, Gao).",0,Islamic State (West Africa) - Greater Sahara Faction,,Rebel Groups,Civilians (Mali),,Civilians,15.4992,0.549,"15.4992,0.549",Armed Conflict Location & Event Data Project (ACLED); www.acleddata.com,NA,NA,NA,NA,NA
2022,5,Mali,Gao,Gounga,communications,antenna,Looting/property destruction,destruction,destroyed,"Property destruction: On 9 May 2022, IS Sahel militants destroyed a telecommunications antenna in the village of Gounga (Ansongo, Gao).",0,Islamic State (West Africa) - Greater Sahara Faction,,Rebel Groups,Civilians (Mali),,Civilians,15.4992,0.549,"15.4992,0.549",Armed Conflict Location & Event Data Project (ACLED); www.acleddata.com,NA,NA,NA,NA,NA
2022,1,Mali,Mopti,Douentza,communications,antenna,Looting/property destruction,destruction,destroyed,"Property destruction: Around 21 January 2022 (as reported), presumed JNIM militants destroyed eight telecommunications antennas in the area of Douentza (Douentza, Mopti).",0,JNIM: Group for Support of Islam and Muslims,,Rebel Groups,Civilians (Mali),,Civilians,14.9951,-2.9517,"14.9951,-2.9517",Armed Conflict Location & Event Data Project (ACLED); www.acleddata.com,GSM,610,1,3025,1295.2297917380222
2022,1,Mali,Mopti,Douentza,communications,antenna,Looting/property destruction,destruction,destroyed,"Property destruction: Around 21 January 2022 (as reported), presumed JNIM militants destroyed eight telecommunications antennas in the area of Douentza (Douentza, Mopti).",0,JNIM: Group for Support of Islam and Muslims,,Rebel Groups,Civilians (Mali),,Civilians,14.9951,-2.9517,"14.9951,-2.9517",Armed Conflict Location & Event Data Project (ACLED); www.acleddata.com,GSM,610,2,50012,1331.2701429704823
2022,1,Mali,Mopti,Douentza,communications,antenna,Looting/property destruction,destruction,destroyed,"Property destruction: Around 21 January 2022 (as reported), presumed JNIM militants destroyed eight telecommunications antennas in the area of Douentza (Douentza, Mopti).",0,JNIM: Group for Support of Islam and Muslims,,Rebel Groups,Civilians (Mali),,Civilians,14.9951,-2.9517,"14.9951,-2.9517",Armed Conflict Location & Event Data Project (ACLED); www.acleddata.com,GSM,610,1,3025,1339.2720384051331
2022,1,Mali,Mopti,Douentza,communications,antenna,Looting/property destruction,destruction,destroyed,"Property destruction: Around 21 January 2022 (as reported), presumed JNIM militants destroyed eight telecommunications antennas in the area of Douentza (Douentza, Mopti).",0,JNIM: Group for Support of Islam and Muslims,,Rebel Groups,Civilians (Mali),,Civilians,14.9951,-2.9517,"14.9951,-2.9517",Armed Conflict Location & Event Data Project (ACLED); www.acleddata.com,UMTS,610,2,72,1302.2295747694677
2022,1,Mali,Mopti,Douentza,communications,antenna,Looting/property destruction,destruction,destroyed,"Property destruction: Around 21 January 2022 (as reported), presumed JNIM militants destroyed eight telecommunications antennas in the area of Douentza (Douentza, Mopti).",0,JNIM: Group for Support of Islam and Muslims,,Rebel Groups,Civilians (Mali),,Civilians,14.9951,-2.9517,"14.9951,-2.9517",Armed Conflict Location & Event Data Project (ACLED); www.acleddata.com,UMTS,610,2,72,1336.1885855120595
2022,1,Mali,Mopti,Douentza,communications,antenna,Looting/property destruction,destruction,destroyed,"Property destruction: Around 21 January 2022 (as reported), presumed JNIM militants destroyed eight telecommunications antennas in the area of Douentza (Douentza, Mopti).",0,JNIM: Group for Support of Islam and Muslims,,Rebel Groups,Civilians (Mali),,Civilians,14.9951,-2.9517,"14.9951,-2.9517",Armed Conflict Location & Event Data Project (ACLED); www.acleddata.com,UMTS,610,2,72,1386.1521549083254
2021,3,Mali,Tombouctou,Hamzakoma,communications,antenna,Other,looting,looting,"Non-violent activity: On 28 March 2021, JNIM militants captured three armed bandits in Hamzakoma (Gourma-Rharous, Tombouctou). The bandits had earlier stolen batteries from a telecom antenna in Madiakoye, which JNIM recovered and returned to Madiakoye.",0,JNIM: Group for Support of Islam and Muslims,,Rebel Groups,Unidentified Armed Group (Mali),,Political Militias,16.7201,-2.4436,"16.7201,-2.4436",Armed Conflict Location & Event Data Project (ACLED); www.acleddata.com,NA,NA,NA,NA,NA
2021,3,Mali,Tombouctou,Hamzakoma,communications,antenna,Other,looting,looting,"Non-violent activity: On 28 March 2021, JNIM militants captured three armed bandits in Hamzakoma (Gourma-Rharous, Tombouctou). The bandits had earlier stolen batteries from a telecom antenna in Madiakoye, which JNIM recovered and returned to Madiakoye.",0,JNIM: Group for Support of Islam and Muslims,,Rebel Groups,Unidentified Armed Group (Mali),,Political Militias,16.7201,-2.4436,"16.7201,-2.4436",Armed Conflict Location & Event Data Project (ACLED); www.acleddata.com,NA,NA,NA,NA,NA
2021,3,Mali,Tombouctou,Hamzakoma,communications,antenna,Other,looting,looting,"Non-violent activity: On 28 March 2021, JNIM militants captured three armed bandits in Hamzakoma (Gourma-Rharous, Tombouctou). The bandits had earlier stolen batteries from a telecom antenna in Madiakoye, which JNIM recovered and returned to Madiakoye.",0,JNIM: Group for Support of Islam and Muslims,,Rebel Groups,Unidentified Armed Group (Mali),,Political Militias,16.7201,-2.4436,"16.7201,-2.4436",Armed Conflict Location & Event Data Project (ACLED); www.acleddata.com,NA,NA,NA,NA,NA
2022,2,Mali,Gao,Garey Goungou,communications,antenna,Looting/property destruction,sabotage,unknown,"Property destruction: Around 28 February 2022 (month of), presumed JNIM militants sabotaged the telecommunications network in the village of Garey Goungou (Bourem, Gao).",0,JNIM: Group for Support of Islam and Muslims,,Rebel Groups,Civilians (Mali),,Civilians,17.0409,-1.066,"17.0409,-1.066",Armed Conflict Location & Event Data Project (ACLED); www.acleddata.com,NA,NA,NA,NA,NA
2022,2,Mali,Gao,Garey Goungou,communications,antenna,Looting/property destruction,sabotage,unknown,"Property destruction: Around 28 February 2022 (month of), presumed JNIM militants sabotaged the telecommunications network in the village of Garey Goungou (Bourem, Gao).",0,JNIM: Group for Support of Islam and Muslims,,Rebel Groups,Civilians (Mali),,Civilians,17.0409,-1.066,"17.0409,-1.066",Armed Conflict Location & Event Data Project (ACLED); www.acleddata.com,NA,NA,NA,NA,NA
2022,2,Mali,Gao,Garey Goungou,communications,antenna,Looting/property destruction,sabotage,unknown,"Property destruction: Around 28 February 2022 (month of), presumed JNIM militants sabotaged the telecommunications network in the village of Garey Goungou (Bourem, Gao).",0,JNIM: Group for Support of Islam and Muslims,,Rebel Groups,Civilians (Mali),,Civilians,17.0409,-1.066,"17.0409,-1.066",Armed Conflict Location & Event Data Project (ACLED); www.acleddata.com,NA,NA,NA,NA,NA
2023,3,Mali,Mopti,Barapireli,communications,antenna,Looting/property destruction,destruction,destroyed,"Property destruction: On 1 March 2023, presumed JNIM militants destroyed a telecommunications antenna and hauled down and removed a flag at a school in the village of Barapireli (Koro, Mopti).",0,JNIM: Group for Support of Islam and Muslims,,Rebel Groups,Civilians (Mali),,Civilians,14.3089,-3.0552,"14.3089,-3.0552",Armed Conflict Location & Event Data Project (ACLED); www.acleddata.com,NA,NA,NA,NA,NA
2023,3,Mali,Mopti,Barapireli,communications,antenna,Looting/property destruction,destruction,destroyed,"Property destruction: On 1 March 2023, presumed JNIM militants destroyed a telecommunications antenna and hauled down and removed a flag at a school in the village of Barapireli (Koro, Mopti).",0,JNIM: Group for Support of Islam and Muslims,,Rebel Groups,Civilians (Mali),,Civilians,14.3089,-3.0552,"14.3089,-3.0552",Armed Conflict Location & Event Data Project (ACLED); www.acleddata.com,NA,NA,NA,NA,NA
2023,3,Mali,Mopti,Barapireli,communications,antenna,Looting/property destruction,destruction,destroyed,"Property destruction: On 1 March 2023, presumed JNIM militants destroyed a telecommunications antenna and hauled down and removed a flag at a school in the village of Barapireli (Koro, Mopti).",0,JNIM: Group for Support of Islam and Muslims,,Rebel Groups,Civilians (Mali),,Civilians,14.3089,-3.0552,"14.3089,-3.0552",Armed Conflict Location & Event Data Project (ACLED); www.acleddata.com,NA,NA,NA,NA,NA
2022,1,Mali,Mopti,Barapireli,communications,antenna,Remote explosive/landmine/IED,ied,destroyed,"On 25 January 2022, Katiba Macina (JNIM) set off explosives and destroyed a telecommunications antenna in the village of Barapireli (Koro, Mopti).",0,Katiba Macina,JNIM: Group for Support of Islam and Muslims,Rebel Groups,,,,14.3089,-3.0552,"14.3089,-3.0552",Armed Conflict Location & Event Data Project (ACLED); www.acleddata.com,NA,NA,NA,NA,NA
2022,1,Mali,Mopti,Barapireli,communications,antenna,Remote explosive/landmine/IED,ied,destroyed,"On 25 January 2022, Katiba Macina (JNIM) set off explosives and destroyed a telecommunications antenna in the village of Barapireli (Koro, Mopti).",0,Katiba Macina,JNIM: Group for Support of Islam and Muslims,Rebel Groups,,,,14.3089,-3.0552,"14.3089,-3.0552",Armed Conflict Location & Event Data Project (ACLED); www.acleddata.com,NA,NA,NA,NA,NA
2022,1,Mali,Mopti,Barapireli,communications,antenna,Remote explosive/landmine/IED,ied,destroyed,"On 25 January 2022, Katiba Macina (JNIM) set off explosives and destroyed a telecommunications antenna in the village of Barapireli (Koro, Mopti).",0,Katiba Macina,JNIM: Group for Support of Islam and Muslims,Rebel Groups,,,,14.3089,-3.0552,"14.3089,-3.0552",Armed Conflict Location & Event Data Project (ACLED); www.acleddata.com,NA,NA,NA,NA,NA
2022,1,Mali,Mopti,Barapireli,communications,antenna,Armed clash,sabotage,none,"On 22 January 2022, presumed JNIM militants clashed with a local self-defense militia during an attempt to sabotage the telecommunications antenna in the village of Barapireli (Koro, Mopti). There were no casualties.",0,JNIM: Group for Support of Islam and Muslims,,Rebel Groups,Barapireli Communal Militia (Mali),,Identity Militias,14.3089,-3.0552,"14.3089,-3.0552",Armed Conflict Location & Event Data Project (ACLED); www.acleddata.com,NA,NA,NA,NA,NA
2022,1,Mali,Mopti,Barapireli,communications,antenna,Armed clash,sabotage,none,"On 22 January 2022, presumed JNIM militants clashed with a local self-defense militia during an attempt to sabotage the telecommunications antenna in the village of Barapireli (Koro, Mopti). There were no casualties.",0,JNIM: Group for Support of Islam and Muslims,,Rebel Groups,Barapireli Communal Militia (Mali),,Identity Militias,14.3089,-3.0552,"14.3089,-3.0552",Armed Conflict Location & Event Data Project (ACLED); www.acleddata.com,NA,NA,NA,NA,NA
2022,1,Mali,Mopti,Barapireli,communications,antenna,Armed clash,sabotage,none,"On 22 January 2022, presumed JNIM militants clashed with a local self-defense militia during an attempt to sabotage the telecommunications antenna in the village of Barapireli (Koro, Mopti). There were no casualties.",0,JNIM: Group for Support of Islam and Muslims,,Rebel Groups,Barapireli Communal Militia (Mali),,Identity Militias,14.3089,-3.0552,"14.3089,-3.0552",Armed Conflict Location & Event Data Project (ACLED); www.acleddata.com,NA,NA,NA,NA,NA
2021,7,Mali,Mopti,Sokoura,communications,antenna,Looting/property destruction,ransacking,unknown,"Property destruction: On 25 July 2021, presumed Katiba Macina (JNIM) militants vandalized a telecommunications antenna in the town of Sokoura (Bankass, Mopti).",0,Katiba Macina,JNIM: Group for Support of Islam and Muslims,Rebel Groups,Civilians (Mali),,Civilians,13.5025,-3.766,"13.5025,-3.766",Armed Conflict Location & Event Data Project (ACLED); www.acleddata.com,GSM,610,2,50012,893.9435175413477
2021,7,Mali,Mopti,Sokoura,communications,antenna,Looting/property destruction,ransacking,unknown,"Property destruction: On 25 July 2021, presumed Katiba Macina (JNIM) militants vandalized a telecommunications antenna in the town of Sokoura (Bankass, Mopti).",0,Katiba Macina,JNIM: Group for Support of Islam and Muslims,Rebel Groups,Civilians (Mali),,Civilians,13.5025,-3.766,"13.5025,-3.766",Armed Conflict Location & Event Data Project (ACLED); www.acleddata.com,GSM,610,2,50012,907.9934610533746
2021,7,Mali,Mopti,Sokoura,communications,antenna,Looting/property destruction,ransacking,unknown,"Property destruction: On 25 July 2021, presumed Katiba Macina (JNIM) militants vandalized a telecommunications antenna in the town of Sokoura (Bankass, Mopti).",0,Katiba Macina,JNIM: Group for Support of Islam and Muslims,Rebel Groups,Civilians (Mali),,Civilians,13.5025,-3.766,"13.5025,-3.766",Armed Conflict Location & Event Data Project (ACLED); www.acleddata.com,GSM,610,2,50012,2315.5667006105978
2022,1,Mali,Gao,Chabaria,communications,antenna,Looting/property destruction,sabotage,unknown,"Property destruction: On 19 January 2022, presumed JNIM militants sabotaged a telecommunications installation in the village of Chabaria (Bourem, Gao).",0,JNIM: Group for Support of Islam and Muslims,,Rebel Groups,Civilians (Mali),,Civilians,16.92,-0.6354,"16.92,-0.6354",Armed Conflict Location & Event Data Project (ACLED); www.acleddata.com,NA,NA,NA,NA,NA
2022,1,Mali,Gao,Chabaria,communications,antenna,Looting/property destruction,sabotage,unknown,"Property destruction: On 19 January 2022, presumed JNIM militants sabotaged a telecommunications installation in the village of Chabaria (Bourem, Gao).",0,JNIM: Group for Support of Islam and Muslims,,Rebel Groups,Civilians (Mali),,Civilians,16.92,-0.6354,"16.92,-0.6354",Armed Conflict Location & Event Data Project (ACLED); www.acleddata.com,NA,NA,NA,NA,NA
2022,1,Mali,Gao,Chabaria,communications,antenna,Looting/property destruction,sabotage,unknown,"Property destruction: On 19 January 2022, presumed JNIM militants sabotaged a telecommunications installation in the village of Chabaria (Bourem, Gao).",0,JNIM: Group for Support of Islam and Muslims,,Rebel Groups,Civilians (Mali),,Civilians,16.92,-0.6354,"16.92,-0.6354",Armed Conflict Location & Event Data Project (ACLED); www.acleddata.com,NA,NA,NA,NA,NA
2022,8,Mali,Tombouctou,Gourma-Rharous,communications,installation,Looting/property destruction,destruction,destroyed,"Property destruction: On 16 August 2022, presumed JNIM militants destroyed a telecommunications installation near the town of Gourma-Rharous (Gourma-Rharous, Tombouctou).",0,JNIM: Group for Support of Islam and Muslims,,Rebel Groups,Civilians (Mali),,Civilians,16.8778,-1.9231,"16.8778,-1.9231",Armed Conflict Location & Event Data Project (ACLED); www.acleddata.com,NA,NA,NA,NA,NA
2022,8,Mali,Tombouctou,Gourma-Rharous,communications,installation,Looting/property destruction,destruction,destroyed,"Property destruction: On 16 August 2022, presumed JNIM militants destroyed a telecommunications installation near the town of Gourma-Rharous (Gourma-Rharous, Tombouctou).",0,JNIM: Group for Support of Islam and Muslims,,Rebel Groups,Civilians (Mali),,Civilians,16.8778,-1.9231,"16.8778,-1.9231",Armed Conflict Location & Event Data Project (ACLED); www.acleddata.com,NA,NA,NA,NA,NA
2022,8,Mali,Tombouctou,Gourma-Rharous,communications,installation,Looting/property destruction,destruction,destroyed,"Property destruction: On 16 August 2022, presumed JNIM militants destroyed a telecommunications installation near the town of Gourma-Rharous (Gourma-Rharous, Tombouctou).",0,JNIM: Group for Support of Islam and Muslims,,Rebel Groups,Civilians (Mali),,Civilians,16.8778,-1.9231,"16.8778,-1.9231",Armed Conflict Location & Event Data Project (ACLED); www.acleddata.com,NA,NA,NA,NA,NA
2023,1,Mali,Tombouctou,Madiakoye,communications,installation,Looting/property destruction,destruction,destroyed,"Property destruction: On 27 January 2023, presumed JNIM militants destroyed a telecommunications installation in the village of Madiakoye (Gourma-Rharous, Tombouctou).",0,JNIM: Group for Support of Islam and Muslims,,Rebel Groups,Civilians (Mali),,Civilians,16.7504,-2.3648,"16.7504,-2.3648",Armed Conflict Location & Event Data Project (ACLED); www.acleddata.com,NA,NA,NA,NA,NA
2023,1,Mali,Tombouctou,Madiakoye,communications,installation,Looting/property destruction,destruction,destroyed,"Property destruction: On 27 January 2023, presumed JNIM militants destroyed a telecommunications installation in the village of Madiakoye (Gourma-Rharous, Tombouctou).",0,JNIM: Group for Support of Islam and Muslims,,Rebel Groups,Civilians (Mali),,Civilians,16.7504,-2.3648,"16.7504,-2.3648",Armed Conflict Location & Event Data Project (ACLED); www.acleddata.com,NA,NA,NA,NA,NA
2023,1,Mali,Tombouctou,Madiakoye,communications,installation,Looting/property destruction,destruction,destroyed,"Property destruction: On 27 January 2023, presumed JNIM militants destroyed a telecommunications installation in the village of Madiakoye (Gourma-Rharous, Tombouctou).",0,JNIM: Group for Support of Islam and Muslims,,Rebel Groups,Civilians (Mali),,Civilians,16.7504,-2.3648,"16.7504,-2.3648",Armed Conflict Location & Event Data Project (ACLED); www.acleddata.com,NA,NA,NA,NA,NA
2023,1,Mali,Tombouctou,Madiakoye,communications,antenna,Looting/property destruction,sabotage,unknown,"Property destruction: On 13 January 2023, presumed JNIM militants sabotaged a telecommunications antenna in the village of Madiakoye (Gourma-Rharous, Tombouctou).",0,JNIM: Group for Support of Islam and Muslims,,Rebel Groups,Civilians (Mali),,Civilians,16.7504,-2.3648,"16.7504,-2.3648",Armed Conflict Location & Event Data Project (ACLED); www.acleddata.com,NA,NA,NA,NA,NA
2023,1,Mali,Tombouctou,Madiakoye,communications,antenna,Looting/property destruction,sabotage,unknown,"Property destruction: On 13 January 2023, presumed JNIM militants sabotaged a telecommunications antenna in the village of Madiakoye (Gourma-Rharous, Tombouctou).",0,JNIM: Group for Support of Islam and Muslims,,Rebel Groups,Civilians (Mali),,Civilians,16.7504,-2.3648,"16.7504,-2.3648",Armed Conflict Location & Event Data Project (ACLED); www.acleddata.com,NA,NA,NA,NA,NA
2023,1,Mali,Tombouctou,Madiakoye,communications,antenna,Looting/property destruction,sabotage,unknown,"Property destruction: On 13 January 2023, presumed JNIM militants sabotaged a telecommunications antenna in the village of Madiakoye (Gourma-Rharous, Tombouctou).",0,JNIM: Group for Support of Islam and Muslims,,Rebel Groups,Civilians (Mali),,Civilians,16.7504,-2.3648,"16.7504,-2.3648",Armed Conflict Location & Event Data Project (ACLED); www.acleddata.com,NA,NA,NA,NA,NA
2020,4,Mali,Gao,Bara,communications,antenna,Looting/property destruction,arson,burned,"Property destruction: On 18 April 2020, presumed ISGS militants burned a telecommunications antenna in Bara (Ansongo, Gao).",0,Islamic State (West Africa) - Greater Sahara Faction,,Rebel Groups,Civilians (Mali),,Civilians,15.8171,0.325,"15.8171,0.325",Armed Conflict Location & Event Data Project (ACLED); www.acleddata.com,NA,NA,NA,NA,NA
2020,4,Mali,Gao,Bara,communications,antenna,Looting/property destruction,arson,burned,"Property destruction: On 18 April 2020, presumed ISGS militants burned a telecommunications antenna in Bara (Ansongo, Gao).",0,Islamic State (West Africa) - Greater Sahara Faction,,Rebel Groups,Civilians (Mali),,Civilians,15.8171,0.325,"15.8171,0.325",Armed Conflict Location & Event Data Project (ACLED); www.acleddata.com,NA,NA,NA,NA,NA
2020,4,Mali,Gao,Bara,communications,antenna,Looting/property destruction,arson,burned,"Property destruction: On 18 April 2020, presumed ISGS militants burned a telecommunications antenna in Bara (Ansongo, Gao).",0,Islamic State (West Africa) - Greater Sahara Faction,,Rebel Groups,Civilians (Mali),,Civilians,15.8171,0.325,"15.8171,0.325",Armed Conflict Location & Event Data Project (ACLED); www.acleddata.com,NA,NA,NA,NA,NA
2020,12,Mali,Mopti,Bandiagara,communications,antenna,Looting/property destruction,destruction,destroyed,"Property destruction: On 31 December 2020, suspected Katiba Macina (JNIM) militants destroyed a telecommunications antenna in the area of Bandiagara (Bandiagara, Mopti).",0,Katiba Macina,JNIM: Group for Support of Islam and Muslims,Rebel Groups,Civilians (Mali),,Civilians,14.3493,-3.6102,"14.3493,-3.6102",Armed Conflict Location & Event Data Project (ACLED); www.acleddata.com,GSM,610,1,3025,215.8715153046423
2020,12,Mali,Mopti,Bandiagara,communications,antenna,Looting/property destruction,destruction,destroyed,"Property destruction: On 31 December 2020, suspected Katiba Macina (JNIM) militants destroyed a telecommunications antenna in the area of Bandiagara (Bandiagara, Mopti).",0,Katiba Macina,JNIM: Group for Support of Islam and Muslims,Rebel Groups,Civilians (Mali),,Civilians,14.3493,-3.6102,"14.3493,-3.6102",Armed Conflict Location & Event Data Project (ACLED); www.acleddata.com,GSM,610,1,3025,233.4511896330797
2020,12,Mali,Mopti,Bandiagara,communications,antenna,Looting/property destruction,destruction,destroyed,"Property destruction: On 31 December 2020, suspected Katiba Macina (JNIM) militants destroyed a telecommunications antenna in the area of Bandiagara (Bandiagara, Mopti).",0,Katiba Macina,JNIM: Group for Support of Islam and Muslims,Rebel Groups,Civilians (Mali),,Civilians,14.3493,-3.6102,"14.3493,-3.6102",Armed Conflict Location & Event Data Project (ACLED); www.acleddata.com,GSM,610,1,3020,297.49110263810616
2020,12,Mali,Mopti,Bandiagara,communications,antenna,Looting/property destruction,destruction,destroyed,"Property destruction: On 31 December 2020, suspected Katiba Macina (JNIM) militants destroyed a telecommunications antenna in the area of Bandiagara (Bandiagara, Mopti).",0,Katiba Macina,JNIM: Group for Support of Islam and Muslims,Rebel Groups,Civilians (Mali),,Civilians,14.3493,-3.6102,"14.3493,-3.6102",Armed Conflict Location & Event Data Project (ACLED); www.acleddata.com,UMTS,610,2,73,376.5417238529292
2020,12,Mali,Mopti,Bandiagara,communications,antenna,Looting/property destruction,destruction,destroyed,"Property destruction: On 31 December 2020, suspected Katiba Macina (JNIM) militants destroyed a telecommunications antenna in the area of Bandiagara (Bandiagara, Mopti).",0,Katiba Macina,JNIM: Group for Support of Islam and Muslims,Rebel Groups,Civilians (Mali),,Civilians,14.3493,-3.6102,"14.3493,-3.6102",Armed Conflict Location & Event Data Project (ACLED); www.acleddata.com,UMTS,610,2,73,385.4911549653967
2020,12,Mali,Mopti,Bandiagara,communications,antenna,Looting/property destruction,destruction,destroyed,"Property destruction: On 31 December 2020, suspected Katiba Macina (JNIM) militants destroyed a telecommunications antenna in the area of Bandiagara (Bandiagara, Mopti).",0,Katiba Macina,JNIM: Group for Support of Islam and Muslims,Rebel Groups,Civilians (Mali),,Civilians,14.3493,-3.6102,"14.3493,-3.6102",Armed Conflict Location & Event Data Project (ACLED); www.acleddata.com,UMTS,610,2,73,405.29572252166963
2022,9,Mali,Gao,Talataye,communications,other,Attack on civilians,arson,burned,"Around 7 September 2022 (between 6 - 8 September), IS Sahel militants killed at least thirty civilians from the Dawsahak, Tuareg, Djerma, and Songhai communities in the village of Talataye (Ansongo, Gao). The militants also destroyed and burned houses, t",30,Islamic State (West Africa) - Greater Sahara Faction,,Rebel Groups,Civilians (Mali),Dawsahak Ethnic Group (Mali); Tuareg Ethnic Group (Mali); Songhai Ethnic Group (Mali); Djerma Ethnic Group (Mali); Labour Group (Mali); Health Workers (Mali),Civilians,16.5333,1.5167,"16.5333,1.5167",Armed Conflict Location & Event Data Project (ACLED); www.acleddata.com,NA,NA,NA,NA,NA
2022,9,Mali,Gao,Talataye,communications,other,Attack on civilians,arson,burned,"Around 7 September 2022 (between 6 - 8 September), IS Sahel militants killed at least thirty civilians from the Dawsahak, Tuareg, Djerma, and Songhai communities in the village of Talataye (Ansongo, Gao). The militants also destroyed and burned houses, t",30,Islamic State (West Africa) - Greater Sahara Faction,,Rebel Groups,Civilians (Mali),Dawsahak Ethnic Group (Mali); Tuareg Ethnic Group (Mali); Songhai Ethnic Group (Mali); Djerma Ethnic Group (Mali); Labour Group (Mali); Health Workers (Mali),Civilians,16.5333,1.5167,"16.5333,1.5167",Armed Conflict Location & Event Data Project (ACLED); www.acleddata.com,NA,NA,NA,NA,NA
2022,9,Mali,Gao,Talataye,communications,other,Attack on civilians,arson,burned,"Around 7 September 2022 (between 6 - 8 September), IS Sahel militants killed at least thirty civilians from the Dawsahak, Tuareg, Djerma, and Songhai communities in the village of Talataye (Ansongo, Gao). The militants also destroyed and burned houses, t",30,Islamic State (West Africa) - Greater Sahara Faction,,Rebel Groups,Civilians (Mali),Dawsahak Ethnic Group (Mali); Tuareg Ethnic Group (Mali); Songhai Ethnic Group (Mali); Djerma Ethnic Group (Mali); Labour Group (Mali); Health Workers (Mali),Civilians,16.5333,1.5167,"16.5333,1.5167",Armed Conflict Location & Event Data Project (ACLED); www.acleddata.com,NA,NA,NA,NA,NA
2021,3,Mali,Mopti,Dounapen,communications,antenna,Looting/property destruction,sabotage,unknown,"Property destruction: Around 16 March 2021 (as reported), presumed Katiba Macina (JNIM) militants sabotaged a telecommunications antenna in the village of Dounapen (Koro, Mopti).",0,Katiba Macina,JNIM: Group for Support of Islam and Muslims,Rebel Groups,Civilians (Mali),,Civilians,14.3467,-2.8059,"14.3467,-2.8059",Armed Conflict Location & Event Data Project (ACLED); www.acleddata.com,NA,NA,NA,NA,NA
2021,3,Mali,Mopti,Dounapen,communications,antenna,Looting/property destruction,sabotage,unknown,"Property destruction: Around 16 March 2021 (as reported), presumed Katiba Macina (JNIM) militants sabotaged a telecommunications antenna in the village of Dounapen (Koro, Mopti).",0,Katiba Macina,JNIM: Group for Support of Islam and Muslims,Rebel Groups,Civilians (Mali),,Civilians,14.3467,-2.8059,"14.3467,-2.8059",Armed Conflict Location & Event Data Project (ACLED); www.acleddata.com,NA,NA,NA,NA,NA
2021,3,Mali,Mopti,Dounapen,communications,antenna,Looting/property destruction,sabotage,unknown,"Property destruction: Around 16 March 2021 (as reported), presumed Katiba Macina (JNIM) militants sabotaged a telecommunications antenna in the village of Dounapen (Koro, Mopti).",0,Katiba Macina,JNIM: Group for Support of Islam and Muslims,Rebel Groups,Civilians (Mali),,Civilians,14.3467,-2.8059,"14.3467,-2.8059",Armed Conflict Location & Event Data Project (ACLED); www.acleddata.com,NA,NA,NA,NA,NA
2022,1,Mali,Gao,Hamakouladji,communications,antenna,Looting/property destruction,destruction,destroyed,"Property destruction: On 12 January 2022, presumed Al Mourabitoune Battalion (JNIM) militants destroyed a telecommunications antenna in the village of Hamakouladji (Gao, Gao).",0,Al Mourabitoune Battalion,JNIM: Group for Support of Islam and Muslims,Rebel Groups,Civilians (Mali),,Civilians,16.6053,-0.1061,"16.6053,-0.1061",Armed Conflict Location & Event Data Project (ACLED); www.acleddata.com,NA,NA,NA,NA,NA
2022,1,Mali,Gao,Hamakouladji,communications,antenna,Looting/property destruction,destruction,destroyed,"Property destruction: On 12 January 2022, presumed Al Mourabitoune Battalion (JNIM) militants destroyed a telecommunications antenna in the village of Hamakouladji (Gao, Gao).",0,Al Mourabitoune Battalion,JNIM: Group for Support of Islam and Muslims,Rebel Groups,Civilians (Mali),,Civilians,16.6053,-0.1061,"16.6053,-0.1061",Armed Conflict Location & Event Data Project (ACLED); www.acleddata.com,NA,NA,NA,NA,NA
2022,1,Mali,Gao,Hamakouladji,communications,antenna,Looting/property destruction,destruction,destroyed,"Property destruction: On 12 January 2022, presumed Al Mourabitoune Battalion (JNIM) militants destroyed a telecommunications antenna in the village of Hamakouladji (Gao, Gao).",0,Al Mourabitoune Battalion,JNIM: Group for Support of Islam and Muslims,Rebel Groups,Civilians (Mali),,Civilians,16.6053,-0.1061,"16.6053,-0.1061",Armed Conflict Location & Event Data Project (ACLED); www.acleddata.com,NA,NA,NA,NA,NA
2021,10,Mali,Tombouctou,Douekire,communications,antenna,Looting/property destruction,destruction,destroyed,"Property destruction: On 17 October 2021, JNIM militants destroyed a telecommunications antenna in the village of Douekire (Dire, Tombouctou).",0,JNIM: Group for Support of Islam and Muslims,,Rebel Groups,Civilians (Mali),,Civilians,16.5736,-3.3719,"16.5736,-3.3719",Armed Conflict Location & Event Data Project (ACLED); www.acleddata.com,NA,NA,NA,NA,NA
2021,10,Mali,Tombouctou,Douekire,communications,antenna,Looting/property destruction,destruction,destroyed,"Property destruction: On 17 October 2021, JNIM militants destroyed a telecommunications antenna in the village of Douekire (Dire, Tombouctou).",0,JNIM: Group for Support of Islam and Muslims,,Rebel Groups,Civilians (Mali),,Civilians,16.5736,-3.3719,"16.5736,-3.3719",Armed Conflict Location & Event Data Project (ACLED); www.acleddata.com,NA,NA,NA,NA,NA
2021,10,Mali,Tombouctou,Douekire,communications,antenna,Looting/property destruction,destruction,destroyed,"Property destruction: On 17 October 2021, JNIM militants destroyed a telecommunications antenna in the village of Douekire (Dire, Tombouctou).",0,JNIM: Group for Support of Islam and Muslims,,Rebel Groups,Civilians (Mali),,Civilians,16.5736,-3.3719,"16.5736,-3.3719",Armed Conflict Location & Event Data Project (ACLED); www.acleddata.com,NA,NA,NA,NA,NA
2022,5,Mali,Segou,Yasso,communications,telecommunications station,Looting/property destruction,destruction,destroyed,"Property destruction: On 2 May 2022, presumed JNIM militants destroyed a telecommunications station in the village of Yasso (Tominian, Segou).",0,JNIM: Group for Support of Islam and Muslims,,Rebel Groups,Civilians (Mali),,Civilians,13.1361,-4.6745,"13.1361,-4.6745",Armed Conflict Location & Event Data Project (ACLED); www.acleddata.com,NA,NA,NA,NA,NA
2022,5,Mali,Segou,Yasso,communications,telecommunications station,Looting/property destruction,destruction,destroyed,"Property destruction: On 2 May 2022, presumed JNIM militants destroyed a telecommunications station in the village of Yasso (Tominian, Segou).",0,JNIM: Group for Support of Islam and Muslims,,Rebel Groups,Civilians (Mali),,Civilians,13.1361,-4.6745,"13.1361,-4.6745",Armed Conflict Location & Event Data Project (ACLED); www.acleddata.com,NA,NA,NA,NA,NA
2022,5,Mali,Segou,Yasso,communications,telecommunications station,Looting/property destruction,destruction,destroyed,"Property destruction: On 2 May 2022, presumed JNIM militants destroyed a telecommunications station in the village of Yasso (Tominian, Segou).",0,JNIM: Group for Support of Islam and Muslims,,Rebel Groups,Civilians (Mali),,Civilians,13.1361,-4.6745,"13.1361,-4.6745",Armed Conflict Location & Event Data Project (ACLED); www.acleddata.com,NA,NA,NA,NA,NA
2021,8,Mali,Segou,Mafoune,communications,antenna,Looting/property destruction,arson,burned,"Property destruction: On 19 August 2021, presumed Katiba Macina (JNIM) militants burned the residence of the subprefect and a telecommunications antenna in the town of Mafoune (Tominian, Segou).",0,Katiba Macina,JNIM: Group for Support of Islam and Muslims,Rebel Groups,Civilians (Mali),Government of Mali (2021-),Civilians,12.7903,-4.3618,"12.7903,-4.3618",Armed Conflict Location & Event Data Project (ACLED); www.acleddata.com,NA,NA,NA,NA,NA
2021,8,Mali,Segou,Mafoune,communications,antenna,Looting/property destruction,arson,burned,"Property destruction: On 19 August 2021, presumed Katiba Macina (JNIM) militants burned the residence of the subprefect and a telecommunications antenna in the town of Mafoune (Tominian, Segou).",0,Katiba Macina,JNIM: Group for Support of Islam and Muslims,Rebel Groups,Civilians (Mali),Government of Mali (2021-),Civilians,12.7903,-4.3618,"12.7903,-4.3618",Armed Conflict Location & Event Data Project (ACLED); www.acleddata.com,NA,NA,NA,NA,NA
2021,8,Mali,Segou,Mafoune,communications,antenna,Looting/property destruction,arson,burned,"Property destruction: On 19 August 2021, presumed Katiba Macina (JNIM) militants burned the residence of the subprefect and a telecommunications antenna in the town of Mafoune (Tominian, Segou).",0,Katiba Macina,JNIM: Group for Support of Islam and Muslims,Rebel Groups,Civilians (Mali),Government of Mali (2021-),Civilians,12.7903,-4.3618,"12.7903,-4.3618",Armed Conflict Location & Event Data Project (ACLED); www.acleddata.com,NA,NA,NA,NA,NA
2021,9,Mali,Tombouctou,Lere,communications,antenna,Looting/property destruction,arson,burned,"Property destruction: On 28 September 2021, presumed Katiba Macina (JNIM) militants burned a telecommunication antenna in the town of Lere (Lere, Tombouctou).",0,Katiba Macina,JNIM: Group for Support of Islam and Muslims,Rebel Groups,Civilians (Mali),,Civilians,15.7118,-4.9118,"15.7118,-4.9118",Armed Conflict Location & Event Data Project (ACLED); www.acleddata.com,NA,NA,NA,NA,NA
2021,9,Mali,Tombouctou,Lere,communications,antenna,Looting/property destruction,arson,burned,"Property destruction: On 28 September 2021, presumed Katiba Macina (JNIM) militants burned a telecommunication antenna in the town of Lere (Lere, Tombouctou).",0,Katiba Macina,JNIM: Group for Support of Islam and Muslims,Rebel Groups,Civilians (Mali),,Civilians,15.7118,-4.9118,"15.7118,-4.9118",Armed Conflict Location & Event Data Project (ACLED); www.acleddata.com,NA,NA,NA,NA,NA
2021,9,Mali,Tombouctou,Lere,communications,antenna,Looting/property destruction,arson,burned,"Property destruction: On 28 September 2021, presumed Katiba Macina (JNIM) militants burned a telecommunication antenna in the town of Lere (Lere, Tombouctou).",0,Katiba Macina,JNIM: Group for Support of Islam and Muslims,Rebel Groups,Civilians (Mali),,Civilians,15.7118,-4.9118,"15.7118,-4.9118",Armed Conflict Location & Event Data Project (ACLED); www.acleddata.com,NA,NA,NA,NA,NA
2020,11,Mali,Gao,Tassiga,communications,antenna,Looting/property destruction,destruction,destroyed,"Property destruction: On 28 November 2020, ISGS militants destroyed telecommunications antennas in the village of Tassiga (Ansongo, Gao).",0,Islamic State (West Africa) - Greater Sahara Faction,,Rebel Groups,Civilians (Mali),,Civilians,15.4729,0.6941,"15.4729,0.6941",Armed Conflict Location & Event Data Project (ACLED); www.acleddata.com,NA,NA,NA,NA,NA
2020,11,Mali,Gao,Tassiga,communications,antenna,Looting/property destruction,destruction,destroyed,"Property destruction: On 28 November 2020, ISGS militants destroyed telecommunications antennas in the village of Tassiga (Ansongo, Gao).",0,Islamic State (West Africa) - Greater Sahara Faction,,Rebel Groups,Civilians (Mali),,Civilians,15.4729,0.6941,"15.4729,0.6941",Armed Conflict Location & Event Data Project (ACLED); www.acleddata.com,NA,NA,NA,NA,NA
2020,11,Mali,Gao,Tassiga,communications,antenna,Looting/property destruction,destruction,destroyed,"Property destruction: On 28 November 2020, ISGS militants destroyed telecommunications antennas in the village of Tassiga (Ansongo, Gao).",0,Islamic State (West Africa) - Greater Sahara Faction,,Rebel Groups,Civilians (Mali),,Civilians,15.4729,0.6941,"15.4729,0.6941",Armed Conflict Location & Event Data Project (ACLED); www.acleddata.com,NA,NA,NA,NA,NA
2022,1,Mali,Mopti,Bondo,communications,antenna,Remote explosive/landmine/IED,ied,destroyed,"On 21 January 2022, presumed JNIM militants detonated a telecommunications antenna in the village of Bondo (Koro, Mopti).",0,JNIM: Group for Support of Islam and Muslims,,Rebel Groups,,,,14.1333,-3.0063,"14.1333,-3.0063",Armed Conflict Location & Event Data Project (ACLED); www.acleddata.com,NA,NA,NA,NA,NA
2022,1,Mali,Mopti,Bondo,communications,antenna,Remote explosive/landmine/IED,ied,destroyed,"On 21 January 2022, presumed JNIM militants detonated a telecommunications antenna in the village of Bondo (Koro, Mopti).",0,JNIM: Group for Support of Islam and Muslims,,Rebel Groups,,,,14.1333,-3.0063,"14.1333,-3.0063",Armed Conflict Location & Event Data Project (ACLED); www.acleddata.com,NA,NA,NA,NA,NA
2022,1,Mali,Mopti,Bondo,communications,antenna,Remote explosive/landmine/IED,ied,destroyed,"On 21 January 2022, presumed JNIM militants detonated a telecommunications antenna in the village of Bondo (Koro, Mopti).",0,JNIM: Group for Support of Islam and Muslims,,Rebel Groups,,,,14.1333,-3.0063,"14.1333,-3.0063",Armed Conflict Location & Event Data Project (ACLED); www.acleddata.com,NA,NA,NA,NA,NA
2021,10,Mali,Tombouctou,Mbouna,communications,antenna,Looting/property destruction,destruction,destroyed,"Property destruction: On 15 October 2021, JNIM militants destroyed a telecommunications antenna in the village of Mbouna (Goundam, Tombouctou).",0,JNIM: Group for Support of Islam and Muslims,,Rebel Groups,Civilians (Mali),,Civilians,16.6877,-3.9728,"16.6877,-3.9728",Armed Conflict Location & Event Data Project (ACLED); www.acleddata.com,NA,NA,NA,NA,NA
2021,10,Mali,Tombouctou,Mbouna,communications,antenna,Looting/property destruction,destruction,destroyed,"Property destruction: On 15 October 2021, JNIM militants destroyed a telecommunications antenna in the village of Mbouna (Goundam, Tombouctou).",0,JNIM: Group for Support of Islam and Muslims,,Rebel Groups,Civilians (Mali),,Civilians,16.6877,-3.9728,"16.6877,-3.9728",Armed Conflict Location & Event Data Project (ACLED); www.acleddata.com,NA,NA,NA,NA,NA
2021,10,Mali,Tombouctou,Mbouna,communications,antenna,Looting/property destruction,destruction,destroyed,"Property destruction: On 15 October 2021, JNIM militants destroyed a telecommunications antenna in the village of Mbouna (Goundam, Tombouctou).",0,JNIM: Group for Support of Islam and Muslims,,Rebel Groups,Civilians (Mali),,Civilians,16.6877,-3.9728,"16.6877,-3.9728",Armed Conflict Location & Event Data Project (ACLED); www.acleddata.com,NA,NA,NA,NA,NA
2023,3,Mali,Segou,Sagala,communications,installation,Looting/property destruction,destruction,destroyed,"Property destruction: On 10 March 2023, FAMa and Wagner forces destroyed a telecommunications installation in Seguela (also called Sagala) (Bellen, Segou).",0,Military Forces of Mali (2021-),Wagner Group,State Forces,Civilians (Mali),,Civilians,14.1137,-6.7275,"14.1137,-6.7275",Armed Conflict Location & Event Data Project (ACLED); www.acleddata.com,NA,NA,NA,NA,NA
2023,3,Mali,Segou,Sagala,communications,installation,Looting/property destruction,destruction,destroyed,"Property destruction: On 10 March 2023, FAMa and Wagner forces destroyed a telecommunications installation in Seguela (also called Sagala) (Bellen, Segou).",0,Military Forces of Mali (2021-),Wagner Group,State Forces,Civilians (Mali),,Civilians,14.1137,-6.7275,"14.1137,-6.7275",Armed Conflict Location & Event Data Project (ACLED); www.acleddata.com,NA,NA,NA,NA,NA
2023,3,Mali,Segou,Sagala,communications,installation,Looting/property destruction,destruction,destroyed,"Property destruction: On 10 March 2023, FAMa and Wagner forces destroyed a telecommunications installation in Seguela (also called Sagala) (Bellen, Segou).",0,Military Forces of Mali (2021-),Wagner Group,State Forces,Civilians (Mali),,Civilians,14.1137,-6.7275,"14.1137,-6.7275",Armed Conflict Location & Event Data Project (ACLED); www.acleddata.com,NA,NA,NA,NA,NA
2022,7,Mali,Gao,Tacharane,communications,installation,Looting/property destruction,looting,looting,"Looting: On 25 July 2022, an unidentified armed group vandalized a telecommunications installation and seized batteries and solar panels in the village of Tacharane (Gao, Gao).",0,Unidentified Armed Group (Mali),,Political Militias,Civilians (Mali),,Civilians,16.1515,0.0708,"16.1515,0.0708",Armed Conflict Location & Event Data Project (ACLED); www.acleddata.com,NA,NA,NA,NA,NA
2022,7,Mali,Gao,Tacharane,communications,installation,Looting/property destruction,looting,looting,"Looting: On 25 July 2022, an unidentified armed group vandalized a telecommunications installation and seized batteries and solar panels in the village of Tacharane (Gao, Gao).",0,Unidentified Armed Group (Mali),,Political Militias,Civilians (Mali),,Civilians,16.1515,0.0708,"16.1515,0.0708",Armed Conflict Location & Event Data Project (ACLED); www.acleddata.com,NA,NA,NA,NA,NA
2022,7,Mali,Gao,Tacharane,communications,installation,Looting/property destruction,looting,looting,"Looting: On 25 July 2022, an unidentified armed group vandalized a telecommunications installation and seized batteries and solar panels in the village of Tacharane (Gao, Gao).",0,Unidentified Armed Group (Mali),,Political Militias,Civilians (Mali),,Civilians,16.1515,0.0708,"16.1515,0.0708",Armed Conflict Location & Event Data Project (ACLED); www.acleddata.com,NA,NA,NA,NA,NA
2022,7,Mali,Gao,Tacharane,communications,installation,Looting/property destruction,looting,looting,"Looting: On 25 July 2022, an unidentified armed group vandalized a telecommunications installation and seized batteries and solar panels in the village of Tacharane (Gao, Gao).",0,Unidentified Armed Group (Mali),,Political Militias,Civilians (Mali),,Civilians,16.1515,0.0708,"16.1515,0.0708",Armed Conflict Location & Event Data Project (ACLED); www.acleddata.com,NA,NA,NA,NA,NA
2022,7,Mali,Gao,Tacharane,communications,installation,Looting/property destruction,looting,looting,"Looting: On 25 July 2022, an unidentified armed group vandalized a telecommunications installation and seized batteries and solar panels in the village of Tacharane (Gao, Gao).",0,Unidentified Armed Group (Mali),,Political Militias,Civilians (Mali),,Civilians,16.1515,0.0708,"16.1515,0.0708",Armed Conflict Location & Event Data Project (ACLED); www.acleddata.com,NA,NA,NA,NA,NA
2022,7,Mali,Gao,Tacharane,communications,installation,Looting/property destruction,looting,looting,"Looting: On 25 July 2022, an unidentified armed group vandalized a telecommunications installation and seized batteries and solar panels in the village of Tacharane (Gao, Gao).",0,Unidentified Armed Group (Mali),,Political Militias,Civilians (Mali),,Civilians,16.1515,0.0708,"16.1515,0.0708",Armed Conflict Location & Event Data Project (ACLED); www.acleddata.com,NA,NA,NA,NA,NA
2020,6,Mali,Gao,Fafa,communications,antenna,Attack on civilians,sabotage,unknown,"On 24 June 2020, unknown gunmen entered the village of Fafa (Ansongo, Gao), assaulted and robbed employees of a telecommunications company and sabotaged a telecommunications antenna.",0,Unidentified Armed Group (Mali),,Political Militias,Civilians (Mali),Labour Group (Mali),Civilians,15.3217,0.7464,"15.3217,0.7464",Armed Conflict Location & Event Data Project (ACLED); www.acleddata.com,NA,NA,NA,NA,NA
2020,6,Mali,Gao,Fafa,communications,antenna,Attack on civilians,sabotage,unknown,"On 24 June 2020, unknown gunmen entered the village of Fafa (Ansongo, Gao), assaulted and robbed employees of a telecommunications company and sabotaged a telecommunications antenna.",0,Unidentified Armed Group (Mali),,Political Militias,Civilians (Mali),Labour Group (Mali),Civilians,15.3217,0.7464,"15.3217,0.7464",Armed Conflict Location & Event Data Project (ACLED); www.acleddata.com,NA,NA,NA,NA,NA
2020,6,Mali,Gao,Fafa,communications,antenna,Attack on civilians,sabotage,unknown,"On 24 June 2020, unknown gunmen entered the village of Fafa (Ansongo, Gao), assaulted and robbed employees of a telecommunications company and sabotaged a telecommunications antenna.",0,Unidentified Armed Group (Mali),,Political Militias,Civilians (Mali),Labour Group (Mali),Civilians,15.3217,0.7464,"15.3217,0.7464",Armed Conflict Location & Event Data Project (ACLED); www.acleddata.com,NA,NA,NA,NA,NA
2017,8,Mali,Tombouctou,Tonka,communications,installation,Armed clash,sabotage,unknown,"Gendarmerie post in Tonka (Goundam) attacked by gunmen on motorbike/s around 2h this morning, telecomms sabotaged, casualties unknown",0,Unidentified Armed Group (Mali),,Political Militias,Police Forces of Mali (2013-2020) Gendarmerie,,State Forces,16.1289,-3.7478,"16.1289,-3.7478",Armed Conflict Location & Event Data Project (ACLED); www.acleddata.com,NA,NA,NA,NA,NA
2017,8,Mali,Tombouctou,Tonka,communications,installation,Armed clash,sabotage,unknown,"Gendarmerie post in Tonka (Goundam) attacked by gunmen on motorbike/s around 2h this morning, telecomms sabotaged, casualties unknown",0,Unidentified Armed Group (Mali),,Political Militias,Police Forces of Mali (2013-2020) Gendarmerie,,State Forces,16.1289,-3.7478,"16.1289,-3.7478",Armed Conflict Location & Event Data Project (ACLED); www.acleddata.com,NA,NA,NA,NA,NA
2017,8,Mali,Tombouctou,Tonka,communications,installation,Armed clash,sabotage,unknown,"Gendarmerie post in Tonka (Goundam) attacked by gunmen on motorbike/s around 2h this morning, telecomms sabotaged, casualties unknown",0,Unidentified Armed Group (Mali),,Political Militias,Police Forces of Mali (2013-2020) Gendarmerie,,State Forces,16.1289,-3.7478,"16.1289,-3.7478",Armed Conflict Location & Event Data Project (ACLED); www.acleddata.com,NA,NA,NA,NA,NA
2012,5,Mali,Koulikoro,Kati,communications,other,Armed clash,battle,unknown,"Fighting erupted late Monday at ORTM, Bamako airport and at Kati, the garrison town near the capital that is the juntas headquarters and continued Tuesday.",0,Mutiny of Military Forces of Mali (2002-2012),,State Forces,Military Forces of Mali (2012-2013),,State Forces,12.7482,-8.0722,"12.7482,-8.0722",Armed Conflict Location & Event Data Project (ACLED); www.acleddata.com,GSM,610,1,3030,114.17704002919733
2012,5,Mali,Koulikoro,Kati,communications,other,Armed clash,battle,unknown,"Fighting erupted late Monday at ORTM, Bamako airport and at Kati, the garrison town near the capital that is the juntas headquarters and continued Tuesday.",0,Mutiny of Military Forces of Mali (2002-2012),,State Forces,Military Forces of Mali (2012-2013),,State Forces,12.7482,-8.0722,"12.7482,-8.0722",Armed Conflict Location & Event Data Project (ACLED); www.acleddata.com,GSM,610,2,7,702.5216248411588
2012,5,Mali,Koulikoro,Kati,communications,other,Armed clash,battle,unknown,"Fighting erupted late Monday at ORTM, Bamako airport and at Kati, the garrison town near the capital that is the juntas headquarters and continued Tuesday.",0,Mutiny of Military Forces of Mali (2002-2012),,State Forces,Military Forces of Mali (2012-2013),,State Forces,12.7482,-8.0722,"12.7482,-8.0722",Armed Conflict Location & Event Data Project (ACLED); www.acleddata.com,GSM,610,1,3030,724.3100845685658
2012,5,Mali,Koulikoro,Kati,communications,other,Armed clash,battle,unknown,"Fighting erupted late Monday at ORTM, Bamako airport and at Kati, the garrison town near the capital that is the juntas headquarters and continued Tuesday.",0,Mutiny of Military Forces of Mali (2002-2012),,State Forces,Military Forces of Mali (2012-2013),,State Forces,12.7482,-8.0722,"12.7482,-8.0722",Armed Conflict Location & Event Data Project (ACLED); www.acleddata.com,UMTS,610,1,7200,240.50037376678227
2012,5,Mali,Koulikoro,Kati,communications,other,Armed clash,battle,unknown,"Fighting erupted late Monday at ORTM, Bamako airport and at Kati, the garrison town near the capital that is the juntas headquarters and continued Tuesday.",0,Mutiny of Military Forces of Mali (2002-2012),,State Forces,Military Forces of Mali (2012-2013),,State Forces,12.7482,-8.0722,"12.7482,-8.0722",Armed Conflict Location & Event Data Project (ACLED); www.acleddata.com,UMTS,610,1,7600,240.50037376678227
2012,5,Mali,Koulikoro,Kati,communications,other,Armed clash,battle,unknown,"Fighting erupted late Monday at ORTM, Bamako airport and at Kati, the garrison town near the capital that is the juntas headquarters and continued Tuesday.",0,Mutiny of Military Forces of Mali (2002-2012),,State Forces,Military Forces of Mali (2012-2013),,State Forces,12.7482,-8.0722,"12.7482,-8.0722",Armed Conflict Location & Event Data Project (ACLED); www.acleddata.com,UMTS,610,2,74,270.2520537146512
2012,5,Mali,Koulikoro,Kati,communications,other,Armed clash,battle,unknown,"Fighting erupted late Monday at ORTM, Bamako airport and at Kati, the garrison town near the capital that is the juntas headquarters and continued Tuesday.",0,Mutiny of Military Forces of Mali (2002-2012),,State Forces,Military Forces of Mali (2012-2013),,State Forces,12.7482,-8.0722,"12.7482,-8.0722",Armed Conflict Location & Event Data Project (ACLED); www.acleddata.com,LTE,610,2,74,7173.1421148361505
2022,1,Mali,Mopti,Ouenkoro,communications,antenna,Looting/property destruction,arson,burned,"Property destruction: On 16 January 2022, presumed JNIM militants burned a telecommunications antenna in the commune of Ouonkoro, location coded as Ouenkoro (Bankass, Mopti).",0,JNIM: Group for Support of Islam and Muslims,,Rebel Groups,Civilians (Mali),,Civilians,13.3821,-3.8308,"13.3821,-3.8308",Armed Conflict Location & Event Data Project (ACLED); www.acleddata.com,NA,NA,NA,NA,NA
2022,1,Mali,Mopti,Ouenkoro,communications,antenna,Looting/property destruction,arson,burned,"Property destruction: On 16 January 2022, presumed JNIM militants burned a telecommunications antenna in the commune of Ouonkoro, location coded as Ouenkoro (Bankass, Mopti).",0,JNIM: Group for Support of Islam and Muslims,,Rebel Groups,Civilians (Mali),,Civilians,13.3821,-3.8308,"13.3821,-3.8308",Armed Conflict Location & Event Data Project (ACLED); www.acleddata.com,NA,NA,NA,NA,NA
2022,1,Mali,Mopti,Ouenkoro,communications,antenna,Looting/property destruction,arson,burned,"Property destruction: On 16 January 2022, presumed JNIM militants burned a telecommunications antenna in the commune of Ouonkoro, location coded as Ouenkoro (Bankass, Mopti).",0,JNIM: Group for Support of Islam and Muslims,,Rebel Groups,Civilians (Mali),,Civilians,13.3821,-3.8308,"13.3821,-3.8308",Armed Conflict Location & Event Data Project (ACLED); www.acleddata.com,NA,NA,NA,NA,NA
2022,1,Mali,Mopti,Diallassagou,communications,antenna,Looting/property destruction,arson,burned,"Property destruction: On 16 January 2022, presumed JNIM militants burned a telecommunications antenna in the commune of Diallassagou, location coded as Diallassagou (Bankass, Mopti).",0,JNIM: Group for Support of Islam and Muslims,,Rebel Groups,Civilians (Mali),,Civilians,13.7407,-3.6264,"13.7407,-3.6264",Armed Conflict Location & Event Data Project (ACLED); www.acleddata.com,NA,NA,NA,NA,NA
2022,1,Mali,Mopti,Diallassagou,communications,antenna,Looting/property destruction,arson,burned,"Property destruction: On 16 January 2022, presumed JNIM militants burned a telecommunications antenna in the commune of Diallassagou, location coded as Diallassagou (Bankass, Mopti).",0,JNIM: Group for Support of Islam and Muslims,,Rebel Groups,Civilians (Mali),,Civilians,13.7407,-3.6264,"13.7407,-3.6264",Armed Conflict Location & Event Data Project (ACLED); www.acleddata.com,NA,NA,NA,NA,NA
2022,1,Mali,Mopti,Diallassagou,communications,antenna,Looting/property destruction,arson,burned,"Property destruction: On 16 January 2022, presumed JNIM militants burned a telecommunications antenna in the commune of Diallassagou, location coded as Diallassagou (Bankass, Mopti).",0,JNIM: Group for Support of Islam and Muslims,,Rebel Groups,Civilians (Mali),,Civilians,13.7407,-3.6264,"13.7407,-3.6264",Armed Conflict Location & Event Data Project (ACLED); www.acleddata.com,NA,NA,NA,NA,NA
2022,1,Mali,Mopti,Kologon-Habe,communications,antenna,Looting/property destruction,arson,burned,"Property destruction: On 16 January 2022, presumed JNIM militants burned a telecommunications antenna in the commune of Koulogon Habe, location coded as Kologon-Habe (Bankass, Mopti).",0,JNIM: Group for Support of Islam and Muslims,,Rebel Groups,Civilians (Mali),,Civilians,13.8162,-3.4418,"13.8162,-3.4418",Armed Conflict Location & Event Data Project (ACLED); www.acleddata.com,NA,NA,NA,NA,NA
2022,1,Mali,Mopti,Kologon-Habe,communications,antenna,Looting/property destruction,arson,burned,"Property destruction: On 16 January 2022, presumed JNIM militants burned a telecommunications antenna in the commune of Koulogon Habe, location coded as Kologon-Habe (Bankass, Mopti).",0,JNIM: Group for Support of Islam and Muslims,,Rebel Groups,Civilians (Mali),,Civilians,13.8162,-3.4418,"13.8162,-3.4418",Armed Conflict Location & Event Data Project (ACLED); www.acleddata.com,NA,NA,NA,NA,NA
2022,1,Mali,Mopti,Kologon-Habe,communications,antenna,Looting/property destruction,arson,burned,"Property destruction: On 16 January 2022, presumed JNIM militants burned a telecommunications antenna in the commune of Koulogon Habe, location coded as Kologon-Habe (Bankass, Mopti).",0,JNIM: Group for Support of Islam and Muslims,,Rebel Groups,Civilians (Mali),,Civilians,13.8162,-3.4418,"13.8162,-3.4418",Armed Conflict Location & Event Data Project (ACLED); www.acleddata.com,NA,NA,NA,NA,NA
2022,3,Mali,Tombouctou,Sareyamou,communications,antenna,Looting/property destruction,destruction,destroyed,"Property destruction: On 10 March 2022, presumed JNIM militants destroyed telecommunications antennas in the village of Sareyamou (Dire, Tombouctou).",0,JNIM: Group for Support of Islam and Muslims,,Rebel Groups,Civilians (Mali),,Civilians,16.09,-3.2359,"16.09,-3.2359",Armed Conflict Location & Event Data Project (ACLED); www.acleddata.com,NA,NA,NA,NA,NA
2022,3,Mali,Tombouctou,Sareyamou,communications,antenna,Looting/property destruction,destruction,destroyed,"Property destruction: On 10 March 2022, presumed JNIM militants destroyed telecommunications antennas in the village of Sareyamou (Dire, Tombouctou).",0,JNIM: Group for Support of Islam and Muslims,,Rebel Groups,Civilians (Mali),,Civilians,16.09,-3.2359,"16.09,-3.2359",Armed Conflict Location & Event Data Project (ACLED); www.acleddata.com,NA,NA,NA,NA,NA
2022,3,Mali,Tombouctou,Sareyamou,communications,antenna,Looting/property destruction,destruction,destroyed,"Property destruction: On 10 March 2022, presumed JNIM militants destroyed telecommunications antennas in the village of Sareyamou (Dire, Tombouctou).",0,JNIM: Group for Support of Islam and Muslims,,Rebel Groups,Civilians (Mali),,Civilians,16.09,-3.2359,"16.09,-3.2359",Armed Conflict Location & Event Data Project (ACLED); www.acleddata.com,NA,NA,NA,NA,NA
2022,3,Mali,Tombouctou,Sareyamou,communications,antenna,Looting/property destruction,sabotage,unknown,"Property destruction: On 5 March 2022, presumed JNIM militants sabotaged a telecommunications antenna and seized materiel in the village of Sareyamou (Dire, Tombouctou).",0,JNIM: Group for Support of Islam and Muslims,,Rebel Groups,Civilians (Mali),,Civilians,16.09,-3.2359,"16.09,-3.2359",Armed Conflict Location & Event Data Project (ACLED); www.acleddata.com,NA,NA,NA,NA,NA
2022,3,Mali,Tombouctou,Sareyamou,communications,antenna,Looting/property destruction,sabotage,unknown,"Property destruction: On 5 March 2022, presumed JNIM militants sabotaged a telecommunications antenna and seized materiel in the village of Sareyamou (Dire, Tombouctou).",0,JNIM: Group for Support of Islam and Muslims,,Rebel Groups,Civilians (Mali),,Civilians,16.09,-3.2359,"16.09,-3.2359",Armed Conflict Location & Event Data Project (ACLED); www.acleddata.com,NA,NA,NA,NA,NA
2022,3,Mali,Tombouctou,Sareyamou,communications,antenna,Looting/property destruction,sabotage,unknown,"Property destruction: On 5 March 2022, presumed JNIM militants sabotaged a telecommunications antenna and seized materiel in the village of Sareyamou (Dire, Tombouctou).",0,JNIM: Group for Support of Islam and Muslims,,Rebel Groups,Civilians (Mali),,Civilians,16.09,-3.2359,"16.09,-3.2359",Armed Conflict Location & Event Data Project (ACLED); www.acleddata.com,NA,NA,NA,NA,NA
2015,12,Mali,Tombouctou,Timbuktu,communications,radio station,Attack on civilians,vac,unknown,An armed man killed three people outside a Christian radio station.,3,Unidentified Armed Group (Mali),,Political Militias,Civilians (Mali),Christian Group (Mali),Civilians,16.7705,-3.0056,"16.7705,-3.0056",Armed Conflict Location & Event Data Project (ACLED); www.acleddata.com,GSM,610,1,1020,156.26450915644833
2015,12,Mali,Tombouctou,Timbuktu,communications,radio station,Attack on civilians,vac,unknown,An armed man killed three people outside a Christian radio station.,3,Unidentified Armed Group (Mali),,Political Militias,Civilians (Mali),Christian Group (Mali),Civilians,16.7705,-3.0056,"16.7705,-3.0056",Armed Conflict Location & Event Data Project (ACLED); www.acleddata.com,GSM,610,1,1040,182.58241536467753
2015,12,Mali,Tombouctou,Timbuktu,communications,radio station,Attack on civilians,vac,unknown,An armed man killed three people outside a Christian radio station.,3,Unidentified Armed Group (Mali),,Political Militias,Civilians (Mali),Christian Group (Mali),Civilians,16.7705,-3.0056,"16.7705,-3.0056",Armed Conflict Location & Event Data Project (ACLED); www.acleddata.com,GSM,610,1,1040,201.0335479766696
2015,12,Mali,Tombouctou,Timbuktu,communications,radio station,Attack on civilians,vac,unknown,An armed man killed three people outside a Christian radio station.,3,Unidentified Armed Group (Mali),,Political Militias,Civilians (Mali),Christian Group (Mali),Civilians,16.7705,-3.0056,"16.7705,-3.0056",Armed Conflict Location & Event Data Project (ACLED); www.acleddata.com,UMTS,610,2,72,172.06959306865062
2015,12,Mali,Tombouctou,Timbuktu,communications,radio station,Attack on civilians,vac,unknown,An armed man killed three people outside a Christian radio station.,3,Unidentified Armed Group (Mali),,Political Militias,Civilians (Mali),Christian Group (Mali),Civilians,16.7705,-3.0056,"16.7705,-3.0056",Armed Conflict Location & Event Data Project (ACLED); www.acleddata.com,UMTS,610,2,72,337.5205765161992
2015,12,Mali,Tombouctou,Timbuktu,communications,radio station,Attack on civilians,vac,unknown,An armed man killed three people outside a Christian radio station.,3,Unidentified Armed Group (Mali),,Political Militias,Civilians (Mali),Christian Group (Mali),Civilians,16.7705,-3.0056,"16.7705,-3.0056",Armed Conflict Location & Event Data Project (ACLED); www.acleddata.com,UMTS,610,2,72,362.5970961654191
2022,3,Mali,Tombouctou,Banikane,communications,antenna,Looting/property destruction,looting,looting,"Looting: On 3 March 2022, presumed JNIM militants looted solar panels and batteries from a telecommunications antenna in the village of Bonhawa, near Banikane (Gourma-Rharous, Tombouctou).",0,JNIM: Group for Support of Islam and Muslims,,Rebel Groups,Civilians (Mali),,Civilians,16.9494,-1.7481,"16.9494,-1.7481",Armed Conflict Location & Event Data Project (ACLED); www.acleddata.com,NA,NA,NA,NA,NA
2022,3,Mali,Tombouctou,Banikane,communications,antenna,Looting/property destruction,looting,looting,"Looting: On 3 March 2022, presumed JNIM militants looted solar panels and batteries from a telecommunications antenna in the village of Bonhawa, near Banikane (Gourma-Rharous, Tombouctou).",0,JNIM: Group for Support of Islam and Muslims,,Rebel Groups,Civilians (Mali),,Civilians,16.9494,-1.7481,"16.9494,-1.7481",Armed Conflict Location & Event Data Project (ACLED); www.acleddata.com,NA,NA,NA,NA,NA
2022,3,Mali,Tombouctou,Banikane,communications,antenna,Looting/property destruction,looting,looting,"Looting: On 3 March 2022, presumed JNIM militants looted solar panels and batteries from a telecommunications antenna in the village of Bonhawa, near Banikane (Gourma-Rharous, Tombouctou).",0,JNIM: Group for Support of Islam and Muslims,,Rebel Groups,Civilians (Mali),,Civilians,16.9494,-1.7481,"16.9494,-1.7481",Armed Conflict Location & Event Data Project (ACLED); www.acleddata.com,NA,NA,NA,NA,NA
2022,7,Mali,Gao,Gargouna,communications,installation,Looting/property destruction,ransacking,looting,"Looting: On 25 July 2022, an unidentified armed group vandalized a telecommunications installation and seized batteries and solar panels in the village of Gargouna (Gao, Gao).",0,Unidentified Armed Group (Mali),,Political Militias,Civilians (Mali),,Civilians,15.9301,0.2151,"15.9301,0.2151",Armed Conflict Location & Event Data Project (ACLED); www.acleddata.com,NA,NA,NA,NA,NA
2022,7,Mali,Gao,Gargouna,communications,installation,Looting/property destruction,ransacking,looting,"Looting: On 25 July 2022, an unidentified armed group vandalized a telecommunications installation and seized batteries and solar panels in the village of Gargouna (Gao, Gao).",0,Unidentified Armed Group (Mali),,Political Militias,Civilians (Mali),,Civilians,15.9301,0.2151,"15.9301,0.2151",Armed Conflict Location & Event Data Project (ACLED); www.acleddata.com,NA,NA,NA,NA,NA
2022,7,Mali,Gao,Gargouna,communications,installation,Looting/property destruction,ransacking,looting,"Looting: On 25 July 2022, an unidentified armed group vandalized a telecommunications installation and seized batteries and solar panels in the village of Gargouna (Gao, Gao).",0,Unidentified Armed Group (Mali),,Political Militias,Civilians (Mali),,Civilians,15.9301,0.2151,"15.9301,0.2151",Armed Conflict Location & Event Data Project (ACLED); www.acleddata.com,NA,NA,NA,NA,NA
2020,4,Mali,Gao,Gargouna,communications,antenna,Looting/property destruction,destruction,destroyed,"Property destruction: On 25 April 2020, presumed ISGS militants destroyed a telecommunications antenna in Gargouna (Gabero, Gao).",0,Islamic State (West Africa) - Greater Sahara Faction,,Rebel Groups,Civilians (Mali),,Civilians,15.9301,0.2151,"15.9301,0.2151",Armed Conflict Location & Event Data Project (ACLED); www.acleddata.com,NA,NA,NA,NA,NA
2020,4,Mali,Gao,Gargouna,communications,antenna,Looting/property destruction,destruction,destroyed,"Property destruction: On 25 April 2020, presumed ISGS militants destroyed a telecommunications antenna in Gargouna (Gabero, Gao).",0,Islamic State (West Africa) - Greater Sahara Faction,,Rebel Groups,Civilians (Mali),,Civilians,15.9301,0.2151,"15.9301,0.2151",Armed Conflict Location & Event Data Project (ACLED); www.acleddata.com,NA,NA,NA,NA,NA
2020,4,Mali,Gao,Gargouna,communications,antenna,Looting/property destruction,destruction,destroyed,"Property destruction: On 25 April 2020, presumed ISGS militants destroyed a telecommunications antenna in Gargouna (Gabero, Gao).",0,Islamic State (West Africa) - Greater Sahara Faction,,Rebel Groups,Civilians (Mali),,Civilians,15.9301,0.2151,"15.9301,0.2151",Armed Conflict Location & Event Data Project (ACLED); www.acleddata.com,NA,NA,NA,NA,NA
2022,5,Mali,Menaka,Anderamboukane,communications,radio station,Looting/property destruction,ransacking,looting,"Looting: On 17 May 2022, presumed IS Sahel militants looted a radio station and looted and vandalized the mayor office and a primary school in the town of Anderamboukane (Anderamboukane, Menaka).",0,Islamic State (West Africa) - Greater Sahara Faction,,Rebel Groups,Civilians (Mali),Government of Mali (2021-),Civilians,15.422,3.0224,"15.422,3.0224",Armed Conflict Location & Event Data Project (ACLED); www.acleddata.com,NA,NA,NA,NA,NA
2022,5,Mali,Menaka,Anderamboukane,communications,radio station,Looting/property destruction,ransacking,looting,"Looting: On 17 May 2022, presumed IS Sahel militants looted a radio station and looted and vandalized the mayor office and a primary school in the town of Anderamboukane (Anderamboukane, Menaka).",0,Islamic State (West Africa) - Greater Sahara Faction,,Rebel Groups,Civilians (Mali),Government of Mali (2021-),Civilians,15.422,3.0224,"15.422,3.0224",Armed Conflict Location & Event Data Project (ACLED); www.acleddata.com,NA,NA,NA,NA,NA
2022,5,Mali,Menaka,Anderamboukane,communications,radio station,Looting/property destruction,ransacking,looting,"Looting: On 17 May 2022, presumed IS Sahel militants looted a radio station and looted and vandalized the mayor office and a primary school in the town of Anderamboukane (Anderamboukane, Menaka).",0,Islamic State (West Africa) - Greater Sahara Faction,,Rebel Groups,Civilians (Mali),Government of Mali (2021-),Civilians,15.422,3.0224,"15.422,3.0224",Armed Conflict Location & Event Data Project (ACLED); www.acleddata.com,NA,NA,NA,NA,NA
2022,1,Mali,Mopti,Karakindje,communications,antenna,Remote explosive/landmine/IED,ied,destroyed,"On 18 January 2022, presumed JNIM militants detonated a telecommunications antenna in the village of Karakindje (Koro, Mopti).",0,JNIM: Group for Support of Islam and Muslims,,Rebel Groups,,,,14.4111,-2.9051,"14.4111,-2.9051",Armed Conflict Location & Event Data Project (ACLED); www.acleddata.com,NA,NA,NA,NA,NA
2022,1,Mali,Mopti,Karakindje,communications,antenna,Remote explosive/landmine/IED,ied,destroyed,"On 18 January 2022, presumed JNIM militants detonated a telecommunications antenna in the village of Karakindje (Koro, Mopti).",0,JNIM: Group for Support of Islam and Muslims,,Rebel Groups,,,,14.4111,-2.9051,"14.4111,-2.9051",Armed Conflict Location & Event Data Project (ACLED); www.acleddata.com,NA,NA,NA,NA,NA
2022,1,Mali,Mopti,Karakindje,communications,antenna,Remote explosive/landmine/IED,ied,destroyed,"On 18 January 2022, presumed JNIM militants detonated a telecommunications antenna in the village of Karakindje (Koro, Mopti).",0,JNIM: Group for Support of Islam and Muslims,,Rebel Groups,,,,14.4111,-2.9051,"14.4111,-2.9051",Armed Conflict Location & Event Data Project (ACLED); www.acleddata.com,NA,NA,NA,NA,NA
2022,1,Mali,Mopti,Dangatene,communications,antenna,Looting/property destruction,sabotage,unknown,"Property destruction: On 19 January 2022, presumed JNIM militants sabotaged a telecommunications antenna in the village of Dangatene (Koro, Mopti).",0,JNIM: Group for Support of Islam and Muslims,,Rebel Groups,Civilians (Mali),,Civilians,14.2333,-2.9725,"14.2333,-2.9725",Armed Conflict Location & Event Data Project (ACLED); www.acleddata.com,NA,NA,NA,NA,NA
2022,1,Mali,Mopti,Dangatene,communications,antenna,Looting/property destruction,sabotage,unknown,"Property destruction: On 19 January 2022, presumed JNIM militants sabotaged a telecommunications antenna in the village of Dangatene (Koro, Mopti).",0,JNIM: Group for Support of Islam and Muslims,,Rebel Groups,Civilians (Mali),,Civilians,14.2333,-2.9725,"14.2333,-2.9725",Armed Conflict Location & Event Data Project (ACLED); www.acleddata.com,NA,NA,NA,NA,NA
2022,1,Mali,Mopti,Dangatene,communications,antenna,Looting/property destruction,sabotage,unknown,"Property destruction: On 19 January 2022, presumed JNIM militants sabotaged a telecommunications antenna in the village of Dangatene (Koro, Mopti).",0,JNIM: Group for Support of Islam and Muslims,,Rebel Groups,Civilians (Mali),,Civilians,14.2333,-2.9725,"14.2333,-2.9725",Armed Conflict Location & Event Data Project (ACLED); www.acleddata.com,NA,NA,NA,NA,NA
2021,8,Mali,Mopti,Sindegue,communications,antenna,Looting/property destruction,arson,burned,"Property destruction: On 13 August 2021, presumed Katiba Macina (JNIM) militants burned a telecommunications antenna in the village of Sindegue (Mopti, Mopti).",0,Katiba Macina,JNIM: Group for Support of Islam and Muslims,Rebel Groups,Civilians (Mali),,Civilians,15.2615,-3.9484,"15.2615,-3.9484",Armed Conflict Location & Event Data Project (ACLED); www.acleddata.com,NA,NA,NA,NA,NA
2021,8,Mali,Mopti,Sindegue,communications,antenna,Looting/property destruction,arson,burned,"Property destruction: On 13 August 2021, presumed Katiba Macina (JNIM) militants burned a telecommunications antenna in the village of Sindegue (Mopti, Mopti).",0,Katiba Macina,JNIM: Group for Support of Islam and Muslims,Rebel Groups,Civilians (Mali),,Civilians,15.2615,-3.9484,"15.2615,-3.9484",Armed Conflict Location & Event Data Project (ACLED); www.acleddata.com,NA,NA,NA,NA,NA
2021,8,Mali,Mopti,Sindegue,communications,antenna,Looting/property destruction,arson,burned,"Property destruction: On 13 August 2021, presumed Katiba Macina (JNIM) militants burned a telecommunications antenna in the village of Sindegue (Mopti, Mopti).",0,Katiba Macina,JNIM: Group for Support of Islam and Muslims,Rebel Groups,Civilians (Mali),,Civilians,15.2615,-3.9484,"15.2615,-3.9484",Armed Conflict Location & Event Data Project (ACLED); www.acleddata.com,NA,NA,NA,NA,NA
2021,7,Mali,Mopti,Sindegue,communications,antenna,Looting/property destruction,sabotage,disruption,"Property destruction: On 27 July 2021, Katiba Macina (JNIM) militants sabotaged the telecommunications network in the village of Sindegue (Mopti, Mopti). The sabotage disrupted the network across large parts of northern Mali.",0,Katiba Macina,JNIM: Group for Support of Islam and Muslims,Rebel Groups,Civilians (Mali),,Civilians,15.2615,-3.9484,"15.2615,-3.9484",Armed Conflict Location & Event Data Project (ACLED); www.acleddata.com,NA,NA,NA,NA,NA
2021,7,Mali,Mopti,Sindegue,communications,antenna,Looting/property destruction,sabotage,disruption,"Property destruction: On 27 July 2021, Katiba Macina (JNIM) militants sabotaged the telecommunications network in the village of Sindegue (Mopti, Mopti). The sabotage disrupted the network across large parts of northern Mali.",0,Katiba Macina,JNIM: Group for Support of Islam and Muslims,Rebel Groups,Civilians (Mali),,Civilians,15.2615,-3.9484,"15.2615,-3.9484",Armed Conflict Location & Event Data Project (ACLED); www.acleddata.com,NA,NA,NA,NA,NA
2021,7,Mali,Mopti,Sindegue,communications,antenna,Looting/property destruction,sabotage,disruption,"Property destruction: On 27 July 2021, Katiba Macina (JNIM) militants sabotaged the telecommunications network in the village of Sindegue (Mopti, Mopti). The sabotage disrupted the network across large parts of northern Mali.",0,Katiba Macina,JNIM: Group for Support of Islam and Muslims,Rebel Groups,Civilians (Mali),,Civilians,15.2615,-3.9484,"15.2615,-3.9484",Armed Conflict Location & Event Data Project (ACLED); www.acleddata.com,NA,NA,NA,NA,NA
2022,1,Mali,Mopti,Dioura,communications,installation,Looting/property destruction,arson,burned,"Property destruction: On 30 January 2022, presumed JNIM militants burned a telecommunications installation in the village of Dioura (Tenenkou, Mopti).",0,JNIM: Group for Support of Islam and Muslims,,Rebel Groups,Civilians (Mali),,Civilians,14.8252,-5.2547,"14.8252,-5.2547",Armed Conflict Location & Event Data Project (ACLED); www.acleddata.com,NA,NA,NA,NA,NA
2022,1,Mali,Mopti,Dioura,communications,installation,Looting/property destruction,arson,burned,"Property destruction: On 30 January 2022, presumed JNIM militants burned a telecommunications installation in the village of Dioura (Tenenkou, Mopti).",0,JNIM: Group for Support of Islam and Muslims,,Rebel Groups,Civilians (Mali),,Civilians,14.8252,-5.2547,"14.8252,-5.2547",Armed Conflict Location & Event Data Project (ACLED); www.acleddata.com,NA,NA,NA,NA,NA
2022,1,Mali,Mopti,Dioura,communications,installation,Looting/property destruction,arson,burned,"Property destruction: On 30 January 2022, presumed JNIM militants burned a telecommunications installation in the village of Dioura (Tenenkou, Mopti).",0,JNIM: Group for Support of Islam and Muslims,,Rebel Groups,Civilians (Mali),,Civilians,14.8252,-5.2547,"14.8252,-5.2547",Armed Conflict Location & Event Data Project (ACLED); www.acleddata.com,NA,NA,NA,NA,NA
2021,8,Mali,Mopti,Dioura,communications,antenna,Looting/property destruction,ransacking,unknown,"Property destruction: On 12 August 2021, presumed Katiba Macina (JNIM) militants vandalized a telecommunications antenna in the village of Dioura (Tenenkou, Mopti).",0,Katiba Macina,JNIM: Group for Support of Islam and Muslims,Rebel Groups,Civilians (Mali),,Civilians,14.8252,-5.2547,"14.8252,-5.2547",Armed Conflict Location & Event Data Project (ACLED); www.acleddata.com,NA,NA,NA,NA,NA
2021,8,Mali,Mopti,Dioura,communications,antenna,Looting/property destruction,ransacking,unknown,"Property destruction: On 12 August 2021, presumed Katiba Macina (JNIM) militants vandalized a telecommunications antenna in the village of Dioura (Tenenkou, Mopti).",0,Katiba Macina,JNIM: Group for Support of Islam and Muslims,Rebel Groups,Civilians (Mali),,Civilians,14.8252,-5.2547,"14.8252,-5.2547",Armed Conflict Location & Event Data Project (ACLED); www.acleddata.com,NA,NA,NA,NA,NA
2021,8,Mali,Mopti,Dioura,communications,antenna,Looting/property destruction,ransacking,unknown,"Property destruction: On 12 August 2021, presumed Katiba Macina (JNIM) militants vandalized a telecommunications antenna in the village of Dioura (Tenenkou, Mopti).",0,Katiba Macina,JNIM: Group for Support of Islam and Muslims,Rebel Groups,Civilians (Mali),,Civilians,14.8252,-5.2547,"14.8252,-5.2547",Armed Conflict Location & Event Data Project (ACLED); www.acleddata.com,NA,NA,NA,NA,NA
2021,9,Mali,Mopti,Youwarou,communications,antenna,Looting/property destruction,destruction,destroyed,"Property destruction: Around 27 September 2021 (week of), presumed Katiba Macina (JNIM) militants destroyed telecommunication antennas and mausoleums in the cercle of Youwarou (Youwarou, Mopti).",0,Katiba Macina,JNIM: Group for Support of Islam and Muslims,Rebel Groups,Civilians (Mali),Sufi Muslim Group (Mali),Civilians,15.3684,-4.2628,"15.3684,-4.2628",Armed Conflict Location & Event Data Project (ACLED); www.acleddata.com,GSM,610,2,50103,8991.720532630998
2021,7,Mali,Mopti,Youwarou,communications,antenna,Looting/property destruction,sabotage,disruption,"Property destruction: Around 22 July 2021 (as reported), presumed Katiba Macina (JNIM) militants sabotaged the two telecommunications antennas in the cercle of Youwarou (Youwarou, Mopti). The cercle has been without network ever since.",0,Katiba Macina,JNIM: Group for Support of Islam and Muslims,Rebel Groups,Civilians (Mali),,Civilians,15.3684,-4.2628,"15.3684,-4.2628",Armed Conflict Location & Event Data Project (ACLED); www.acleddata.com,GSM,610,2,50103,8991.720532630998
2020,5,Mali,Gao,Gao,communications,radio station,Attack on civilians,vac,unknown,"On 23 May 2020, a group of youths equipped with batons and machetes entered a local radio station in Gao (Gao) and assaulted and severely wounded a well-known local radio personality and his nephew. The incident is believed to be linked to a judicial dis",0,Unidentified Communal Militia (Mali),,Identity Militias,Civilians (Mali),Journalists (Mali),Civilians,16.2717,-0.0447,"16.2717,-0.0447",Armed Conflict Location & Event Data Project (ACLED); www.acleddata.com,GSM,610,2,60201,163.28687113569904
2012,8,Mali,Gao,Gao,communications,radio station,Attack on civilians,vac,unknown,"MUJAO rebels burst into a radio studio and allegedly took Mr. Akoumega, the editor outside the city to be subjected to severe torture.",0,MUJAO: Movement for Unity and Jihad in West Africa,,Rebel Groups,Civilians (Mali),Journalists (Mali),Civilians,16.2717,-0.0447,"16.2717,-0.0447",Armed Conflict Location & Event Data Project (ACLED); www.acleddata.com,GSM,610,2,60201,163.28687113569904
2020,5,Mali,Gao,Gao,communications,radio station,Attack on civilians,vac,unknown,"On 23 May 2020, a group of youths equipped with batons and machetes entered a local radio station in Gao (Gao) and assaulted and severely wounded a well-known local radio personality and his nephew. The incident is believed to be linked to a judicial dis",0,Unidentified Communal Militia (Mali),,Identity Militias,Civilians (Mali),Journalists (Mali),Civilians,16.2717,-0.0447,"16.2717,-0.0447",Armed Conflict Location & Event Data Project (ACLED); www.acleddata.com,GSM,610,2,60201,299.7106243500961
2012,8,Mali,Gao,Gao,communications,radio station,Attack on civilians,vac,unknown,"MUJAO rebels burst into a radio studio and allegedly took Mr. Akoumega, the editor outside the city to be subjected to severe torture.",0,MUJAO: Movement for Unity and Jihad in West Africa,,Rebel Groups,Civilians (Mali),Journalists (Mali),Civilians,16.2717,-0.0447,"16.2717,-0.0447",Armed Conflict Location & Event Data Project (ACLED); www.acleddata.com,UMTS,610,1,7800,469.115832359843
2020,5,Mali,Gao,Gao,communications,radio station,Attack on civilians,vac,unknown,"On 23 May 2020, a group of youths equipped with batons and machetes entered a local radio station in Gao (Gao) and assaulted and severely wounded a well-known local radio personality and his nephew. The incident is believed to be linked to a judicial dis",0,Unidentified Communal Militia (Mali),,Identity Militias,Civilians (Mali),Journalists (Mali),Civilians,16.2717,-0.0447,"16.2717,-0.0447",Armed Conflict Location & Event Data Project (ACLED); www.acleddata.com,UMTS,610,1,7800,469.115832359843
2020,5,Mali,Gao,Gao,communications,radio station,Attack on civilians,vac,unknown,"On 23 May 2020, a group of youths equipped with batons and machetes entered a local radio station in Gao (Gao) and assaulted and severely wounded a well-known local radio personality and his nephew. The incident is believed to be linked to a judicial dis",0,Unidentified Communal Militia (Mali),,Identity Militias,Civilians (Mali),Journalists (Mali),Civilians,16.2717,-0.0447,"16.2717,-0.0447",Armed Conflict Location & Event Data Project (ACLED); www.acleddata.com,UMTS,610,2,37,475.34792228981416
2021,12,Mali,Mopti,Boni,communications,antenna,Remote explosive/landmine/IED,ied,destroyed,"On 20 December 2021, overnight, presumed JNIM militants set off explosives and destroyed a telecommunications antenna in the area of Boni (Douentza, Mopti).",0,JNIM: Group for Support of Islam and Muslims,,Rebel Groups,,,,15.0766,-2.2198,"15.0766,-2.2198",Armed Conflict Location & Event Data Project (ACLED); www.acleddata.com,NA,NA,NA,NA,NA
2021,12,Mali,Mopti,Boni,communications,antenna,Remote explosive/landmine/IED,ied,destroyed,"On 20 December 2021, overnight, presumed JNIM militants set off explosives and destroyed a telecommunications antenna in the area of Boni (Douentza, Mopti).",0,JNIM: Group for Support of Islam and Muslims,,Rebel Groups,,,,15.0766,-2.2198,"15.0766,-2.2198",Armed Conflict Location & Event Data Project (ACLED); www.acleddata.com,NA,NA,NA,NA,NA
2021,12,Mali,Mopti,Boni,communications,antenna,Remote explosive/landmine/IED,ied,destroyed,"On 20 December 2021, overnight, presumed JNIM militants set off explosives and destroyed a telecommunications antenna in the area of Boni (Douentza, Mopti).",0,JNIM: Group for Support of Islam and Muslims,,Rebel Groups,,,,15.0766,-2.2198,"15.0766,-2.2198",Armed Conflict Location & Event Data Project (ACLED); www.acleddata.com,NA,NA,NA,NA,NA
2021,7,Mali,Mopti,Tori,communications,antenna,Looting/property destruction,ransacking,unknown,"Property destruction: On 10 July 2021, presumed Katiba Macina (JNIM) militants vandalized a telecommunications antenna in the village of Tori (Bankass, Mopti).",0,Katiba Macina,JNIM: Group for Support of Islam and Muslims,Rebel Groups,Civilians (Mali),,Civilians,13.6185,-3.709,"13.6185,-3.709",Armed Conflict Location & Event Data Project (ACLED); www.acleddata.com,NA,NA,NA,NA,NA
2021,7,Mali,Mopti,Tori,communications,antenna,Looting/property destruction,ransacking,unknown,"Property destruction: On 10 July 2021, presumed Katiba Macina (JNIM) militants vandalized a telecommunications antenna in the village of Tori (Bankass, Mopti).",0,Katiba Macina,JNIM: Group for Support of Islam and Muslims,Rebel Groups,Civilians (Mali),,Civilians,13.6185,-3.709,"13.6185,-3.709",Armed Conflict Location & Event Data Project (ACLED); www.acleddata.com,NA,NA,NA,NA,NA
2021,7,Mali,Mopti,Tori,communications,antenna,Looting/property destruction,ransacking,unknown,"Property destruction: On 10 July 2021, presumed Katiba Macina (JNIM) militants vandalized a telecommunications antenna in the village of Tori (Bankass, Mopti).",0,Katiba Macina,JNIM: Group for Support of Islam and Muslims,Rebel Groups,Civilians (Mali),,Civilians,13.6185,-3.709,"13.6185,-3.709",Armed Conflict Location & Event Data Project (ACLED); www.acleddata.com,NA,NA,NA,NA,NA
2023,3,Mali,Mopti,Madougou,communications,antenna,Looting/property destruction,sabotage_removed,unknown,"Property destruction: On 3 March 2023, JNIM sabotaged and took away a Malitel communication antenna in Madougou (Koro, Mopti). They abandoned the equipment later after being allegedly asked by their commander to leave it.",0,JNIM: Group for Support of Islam and Muslims,,Rebel Groups,Civilians (Mali),,Civilians,14.3992,-3.0788,"14.3992,-3.0788",Armed Conflict Location & Event Data Project (ACLED); www.acleddata.com,NA,NA,NA,NA,NA
2023,3,Mali,Mopti,Madougou,communications,antenna,Looting/property destruction,sabotage_removed,unknown,"Property destruction: On 3 March 2023, JNIM sabotaged and took away a Malitel communication antenna in Madougou (Koro, Mopti). They abandoned the equipment later after being allegedly asked by their commander to leave it.",0,JNIM: Group for Support of Islam and Muslims,,Rebel Groups,Civilians (Mali),,Civilians,14.3992,-3.0788,"14.3992,-3.0788",Armed Conflict Location & Event Data Project (ACLED); www.acleddata.com,NA,NA,NA,NA,NA
2023,3,Mali,Mopti,Madougou,communications,antenna,Looting/property destruction,sabotage_removed,unknown,"Property destruction: On 3 March 2023, JNIM sabotaged and took away a Malitel communication antenna in Madougou (Koro, Mopti). They abandoned the equipment later after being allegedly asked by their commander to leave it.",0,JNIM: Group for Support of Islam and Muslims,,Rebel Groups,Civilians (Mali),,Civilians,14.3992,-3.0788,"14.3992,-3.0788",Armed Conflict Location & Event Data Project (ACLED); www.acleddata.com,NA,NA,NA,NA,NA
2022,1,Mali,Gao,Temera,communications,antenna,Looting/property destruction,sabotage,unknown,"Property destruction: On 18 January 2022, presumed JNIM militants sabotaged a telecommunications antenna in the village of Temera (Bourem, Gao).",0,JNIM: Group for Support of Islam and Muslims,,Rebel Groups,Civilians (Mali),,Civilians,17.0008,-0.9383,"17.0008,-0.9383",Armed Conflict Location & Event Data Project (ACLED); www.acleddata.com,NA,NA,NA,NA,NA
2022,1,Mali,Gao,Temera,communications,antenna,Looting/property destruction,sabotage,unknown,"Property destruction: On 18 January 2022, presumed JNIM militants sabotaged a telecommunications antenna in the village of Temera (Bourem, Gao).",0,JNIM: Group for Support of Islam and Muslims,,Rebel Groups,Civilians (Mali),,Civilians,17.0008,-0.9383,"17.0008,-0.9383",Armed Conflict Location & Event Data Project (ACLED); www.acleddata.com,NA,NA,NA,NA,NA
2022,1,Mali,Gao,Temera,communications,antenna,Looting/property destruction,sabotage,unknown,"Property destruction: On 18 January 2022, presumed JNIM militants sabotaged a telecommunications antenna in the village of Temera (Bourem, Gao).",0,JNIM: Group for Support of Islam and Muslims,,Rebel Groups,Civilians (Mali),,Civilians,17.0008,-0.9383,"17.0008,-0.9383",Armed Conflict Location & Event Data Project (ACLED); www.acleddata.com,NA,NA,NA,NA,NA
