space_time_id,longitude,latitude,GID_0,NAME_0,GID_2,NAME_1,year,month,day,country,admin1,location,infra_cate,infra,sub_event_,damage_inf,severity_i,notes,fatalities,actor1,assoc_acto,inter1,actor2,assoc_ac_1,inter2,source,radio,mcc,net,ran_usd,tower_usd,power_usd,backhaul_usd,labor_usd,total_usd,pop,wealth_usd,wealth_cfa,usd_to_cfa,direct_cost,indirect_cost_usd,value_at_risk,protection_costs,benefit-cost-ratio
2023_3_29_-3.6247_12.0203,-3.6247,12.0203,BFA,Burkina Faso,BFA.1.4_1,Boucle du Mouhoun,2023,3,29,BFA,Boucle du Mouhoun,Fakena,communications,antenna,Looting/property destruction,destruction,destroyed,"Property destruction: On 29 March 2023, presumed JNIM militants destroyed cell phone network antenna in the village of Fakena (Ouarkoye, Mouhoun).",0,JNIM: Group for Support of Islam and Muslims,,Rebel Groups,Civilians (Burkina Faso),,Civilians,Armed Conflict Location & Event Data Project (ACLED); www.acleddata.com,GSM,,,40000,15000,5000,30000,1000,91000,12473,3119738,5002,0.0016,91000,35898,126898,2576,49.3
2022_2_22_0.1141_11.3051,0.1141,11.3051,BFA,Burkina Faso,BFA.3.2_1,Centre-Est,2022,2,22,BFA,Centre-Est,Kiouguen,communications,antenna,Looting/property destruction,sabotage,unknown,"Property destruction: On 22 February 2022, presumed JNIM militants sabotaged a telecommunications antenna in the village of Kiouguen (Sangha, Koulpelogo).",0,JNIM: Group for Support of Islam and Muslims,,Rebel Groups,Civilians (Burkina Faso),,Civilians,Armed Conflict Location & Event Data Project (ACLED); www.acleddata.com,GSM,,,40000,15000,5000,30000,1000,91000,24282,6188987,9911,0.0016,91000,71216,162216,2576,63.0
2022_3_10_0.783_12.05,0.783,12.05,BFA,Burkina Faso,BFA.8.2_1,Est,2022,3,10,BFA,Est,Tanwalbougou,communications,antenna,Looting/property destruction,arson,burned,"Property destruction: On 10 March 2022, presumed JNIM militants burned a telecommunications antenna near the village of Tanwalbougou (Fada Ngourma, Gourma).",0,JNIM: Group for Support of Islam and Muslims,,Rebel Groups,Civilians (Burkina Faso),,Civilians,Armed Conflict Location & Event Data Project (ACLED); www.acleddata.com,GSM,613.0,1.0,40000,15000,5000,30000,1000,91000,13302,3894910,6242,0.0016,91000,44818,135818,2576,52.7
2022_10_9_-0.5758_13.6334,-0.5758,13.6334,BFA,Burkina Faso,BFA.4.2_1,Centre-Nord,2022,10,9,BFA,Centre-Nord,Damkarko,communications,antenna,Looting/property destruction,arson,burned,"Property destruction: On 9 October 2022, presumed JNIM militants burned a telecommunications antenna in the village of Damkarko (Bouroum, Namentenga).",0,JNIM: Group for Support of Islam and Muslims,,Rebel Groups,Civilians (Burkina Faso),,Civilians,Armed Conflict Location & Event Data Project (ACLED); www.acleddata.com,GSM,,,40000,15000,5000,30000,1000,91000,23098,5726779,9165,0.0016,91000,65897,156897,2576,60.9
2022_10_16_-0.2834_12.7193,-0.2834,12.7193,BFA,Burkina Faso,BFA.4.2_1,Centre-Nord,2022,10,16,BFA,Centre-Nord,Dargo,communications,antenna,Looting/property destruction,arson,burned,"Property destruction: On 16 October 2022, presumed JNIM militants burned a police station, the mayor's office, a credit union, telecommunications antennas, and a high school in the town of Dargo (Dargo, Namentenga).",0,JNIM: Group for Support of Islam and Muslims,,Rebel Groups,Civilians (Burkina Faso),Police Forces of Burkina Faso (2022-); Government of Burkina Faso (2022-),Civilians,Armed Conflict Location & Event Data Project (ACLED); www.acleddata.com,UMTS,613.0,2.0,40000,15000,5000,30000,1000,91000,14786,5029096,8046,0.0016,91000,57869,148869,2576,57.8
2022_11_4_-4.2618_11.6412,-4.2618,11.6412,BFA,Burkina Faso,BFA.9.1_1,Haut-Bassins,2022,11,4,BFA,Hauts-Bassins,Padema,communications,antenna,Looting/property destruction,arson,burned,"Property destruction: On 4 November 2022, presumed JNIM militants burned a credit union and telecommunications antennas in the village of Padema (Padema, Houet).",0,JNIM: Group for Support of Islam and Muslims,,Rebel Groups,Civilians (Burkina Faso),Labour Group (Burkina Faso),Civilians,Armed Conflict Location & Event Data Project (ACLED); www.acleddata.com,GSM,,,40000,15000,5000,30000,1000,91000,14642,3795644,6075,0.0016,91000,43676,134676,2576,52.3
2023_2_16_-0.1311_12.7097,-0.1311,12.7097,BFA,Burkina Faso,BFA.8.1_1,Est,2023,2,16,BFA,Est,Piela,communications,installation,Looting/property destruction,ransacking,unknown,"Property destruction: On 16 February 2023, presumed JNIM militants attacked the police station in the town of Piela (Piela, Gnagna). The militants set fire to the police station and the town hall, they also vandalized telecommunications installations.",0,JNIM: Group for Support of Islam and Muslims,,Rebel Groups,Police Forces of Burkina Faso (2022-),,State Forces,Armed Conflict Location & Event Data Project (ACLED); www.acleddata.com,UMTS,613.0,2.0,40000,15000,5000,30000,1000,91000,30137,9277802,14846,0.0016,91000,106758,197758,2576,76.8
2022_10_25_-3.5667_10.6833,-3.5667,10.6833,BFA,Burkina Faso,BFA.13.1_1,Sud-Ouest,2022,10,25,BFA,Sud-Ouest,Diassara,communications,installation,Abduction/forced disappearance,destruction,destroyed,"On 25 October 2022, presumed JNIM militants abducted a fuel vendor and destroyed a telecommunications installation in the village of Diassara (Iolonioro, Bougouriba)",0,JNIM: Group for Support of Islam and Muslims,,Rebel Groups,Civilians (Burkina Faso),Labour Group (Burkina Faso),Civilians,Armed Conflict Location & Event Data Project (ACLED); www.acleddata.com,GSM,,,40000,15000,5000,30000,1000,91000,22843,6295668,10072,0.0016,91000,72443,163443,2576,63.4
2022_11_1_-3.3928_11.555,-3.3928,11.555,BFA,Burkina Faso,BFA.9.3_1,Haut-Bassins,2022,11,1,BFA,Hauts-Bassins,Boni,communications,antenna,Looting/property destruction,destruction,destroyed,"Property destruction: On 1 November 2022, JNIM militants destroyed a telecommunications antenna in Boni (Boni, Tuy).",0,JNIM: Group for Support of Islam and Muslims,,Rebel Groups,Civilians (Burkina Faso),,Civilians,Armed Conflict Location & Event Data Project (ACLED); www.acleddata.com,GSM,613.0,1.0,40000,15000,5000,30000,1000,91000,14464,3797800,6073,0.0016,91000,43701,134701,2576,52.3
2023_2_26_1.6167_11.9333,1.6167,11.9333,BFA,Burkina Faso,BFA.8.5_1,Est,2023,2,26,BFA,Est,Partiaga,communications,installation,Non-state actor overtakes territory,arson,burned,"On 26 February 2023, presumed JNIM militants captured the town of Partiaga (Partiaga, Tapoa). The militants burnt the Gendarmerie (empty), the town hall (empty) and cell phone installations. About sixty civilians and five volunteer fighters were killed.",65,JNIM: Group for Support of Islam and Muslims,,Rebel Groups,VDP: Volunteer for Defense of Homeland,,Identity Militias,Armed Conflict Location & Event Data Project (ACLED); www.acleddata.com,GSM,,,40000,15000,5000,30000,1000,91000,17308,4643733,7430,0.0016,91000,53435,144435,2576,56.1
2020_7_8_0.9853_13.2535,0.9853,13.2535,BFA,Burkina Faso,BFA.12.4_1,Sahel,2020,7,8,BFA,Sahel,Tangangari,communications,radio station,Looting/property destruction,ransacking,unknown,"On 8 July 2020, suspected ISGS militants vandalized a local radio station in Tangangari (Boundore, Yagha).",0,Islamic State (West Africa) - Greater Sahara Faction,,Rebel Groups,Civilians (Burkina Faso),Journalists (Burkina Faso),Civilians,Armed Conflict Location & Event Data Project (ACLED); www.acleddata.com,GSM,,,40000,15000,5000,30000,1000,91000,6602,1835034,2937,0.0016,91000,21115,112115,2576,43.5
2022_4_14_-0.0244_12.5465,-0.0244,12.5465,BFA,Burkina Faso,BFA.8.1_1,Est,2022,4,14,BFA,Est,Bilanga,communications,antenna,Looting/property destruction,arson,burned,"Looting: On 14 April 2022, presumed JNIM militants seized two vehicles belonging to a construction company and burned the prefecture and two telecommunications antennas in the town of Bilanga (Bilanga, Gnagna).",0,JNIM: Group for Support of Islam and Muslims,,Rebel Groups,Civilians (Burkina Faso),Labour Group (Burkina Faso); Government of Burkina Faso (2022-),Civilians,Armed Conflict Location & Event Data Project (ACLED); www.acleddata.com,GSM,613.0,2.0,40000,15000,5000,30000,1000,91000,39795,12805237,20497,0.0016,91000,147348,238348,2576,92.5
2021_9_16_-4.078_12.0593,-4.078,12.0593,BFA,Burkina Faso,BFA.1.2_1,Boucle du Mouhoun,2021,9,16,BFA,Boucle du Mouhoun,Baye,communications,antenna,Looting/property destruction,arson,burned,"Property destruction: On 16 September 2021, unknown gunmen burned a telecommunications antenna in the village of Baye (Solenzo, Banwa).",0,Unidentified Armed Group (Burkina Faso),,Political Militias,Civilians (Burkina Faso),,Civilians,Armed Conflict Location & Event Data Project (ACLED); www.acleddata.com,GSM,,,40000,15000,5000,30000,1000,91000,17482,4989824,7991,0.0016,91000,57417,148417,2576,57.6
2022_1_14_-2.7586_14.0445,-2.7586,14.0445,BFA,Burkina Faso,BFA.10.3_1,Nord,2022,1,14,BFA,Nord,Kain,communications,antenna,Looting/property destruction,sabotage,unknown,"Property destruction: On 14 January 2022, overnight presumed JNIM militants sabotaged a telecommunications antenna in the area of Kain (Kain, Yatenga).",0,JNIM: Group for Support of Islam and Muslims,,Rebel Groups,Civilians (Burkina Faso),,Civilians,Armed Conflict Location & Event Data Project (ACLED); www.acleddata.com,GSM,,,40000,15000,5000,30000,1000,91000,5801,1516059,2431,0.0016,91000,17445,108445,2576,42.1
2022_8_25_-0.1167_12.25,-0.1167,12.25,BFA,Burkina Faso,BFA.3.3_1,Centre-Est,2022,8,25,BFA,Centre-Est,Banogo,communications,antenna,Looting/property destruction,arson,burned,"Property destruction: On 25 August 2022, presumed JNIM militants burned a telecommunications antenna in the village of Banogo (Gounguen, Kourittenga).",0,JNIM: Group for Support of Islam and Muslims,,Rebel Groups,Civilians (Burkina Faso),,Civilians,Armed Conflict Location & Event Data Project (ACLED); www.acleddata.com,GSM,613.0,2.0,40000,15000,5000,30000,1000,91000,11586,3426516,5479,0.0016,91000,39428,130428,2576,50.6
2022_1_24_-3.956_13.007,-3.956,13.007,BFA,Burkina Faso,BFA.1.3_1,Boucle du Mouhoun,2022,1,24,BFA,Boucle du Mouhoun,Bomborokui,communications,antenna,Looting/property destruction,arson,burned,"Property destruction: On 24 January 2022, presumed JNIM militants burned a telecommunications antenna in the town of Bomborokui (Bomborokui, Kossi).",0,JNIM: Group for Support of Islam and Muslims,,Rebel Groups,Civilians (Burkina Faso),,Civilians,Armed Conflict Location & Event Data Project (ACLED); www.acleddata.com,GSM,,,40000,15000,5000,30000,1000,91000,11131,3906363,6255,0.0016,91000,44950,135950,2576,52.8
2022_2_24_-0.9315_13.8543,-0.9315,13.8543,BFA,Burkina Faso,BFA.4.3_1,Centre-Nord,2022,2,24,BFA,Centre-Nord,Foube,communications,antenna,Attack on civilians,arson,burned,"On 24 February 2022, presumed JNIM militants attacked the village of Foube (Barsalogho, Sanmatenga). The militants killed two IDP persons, wounded two others, and burned houses, a school, and a telecommunications antenna.",2,JNIM: Group for Support of Islam and Muslims,,Rebel Groups,Civilians (Burkina Faso),Refugees/IDPs (Burkina Faso),Civilians,Armed Conflict Location & Event Data Project (ACLED); www.acleddata.com,GSM,,,40000,15000,5000,30000,1000,91000,12763,3226067,5170,0.0016,91000,37122,128122,2576,49.7
2022_5_8_-0.2131_13.2583,-0.2131,13.2583,BFA,Burkina Faso,BFA.8.1_1,Est,2022,5,8,BFA,Est,Manni,communications,antenna,Looting/property destruction,destruction,destroyed,"Property destruction: On 8 May 2022, presumed JNIM militants burned classrooms and offices at a high school and destroyed a telecommunications antenna in the town of Manni (Manni, Gnagna).",0,JNIM: Group for Support of Islam and Muslims,,Rebel Groups,Civilians (Burkina Faso),,Civilians,Armed Conflict Location & Event Data Project (ACLED); www.acleddata.com,UMTS,613.0,2.0,40000,15000,5000,30000,1000,91000,66000,21129649,33816,0.0016,91000,243136,334136,2576,129.7
2022_9_1_1.9187_11.8399,1.9187,11.8399,BFA,Burkina Faso,BFA.8.5_1,Est,2022,9,1,BFA,Est,Kotchari,communications,antenna,Looting/property destruction,ransacking,unknown,"Property destruction: On 1 September 2022, presumed JNIM militants vandalized telecommunications installations in Kotchari (Tansarga, Tapoa).",0,JNIM: Group for Support of Islam and Muslims,,Rebel Groups,Civilians (Burkina Faso),,Civilians,Armed Conflict Location & Event Data Project (ACLED); www.acleddata.com,GSM,,,40000,15000,5000,30000,1000,91000,23719,5995488,9596,0.0016,91000,68989,159989,2576,62.1
2022_10_13_-3.3958_11.5096,-3.3958,11.5096,BFA,Burkina Faso,BFA.9.3_1,Haut-Bassins,2022,10,13,BFA,Hauts-Bassins,Dossi,communications,installation,Looting/property destruction,arson,burned,"Property destruction: On 13 October 2022, presumed JNIM militants burned a telecommunications installation in the village of Dossi (Boni, Tuy).",0,JNIM: Group for Support of Islam and Muslims,,Rebel Groups,Civilians (Burkina Faso),,Civilians,Armed Conflict Location & Event Data Project (ACLED); www.acleddata.com,GSM,613.0,1.0,40000,15000,5000,30000,1000,91000,11558,2943606,4710,0.0016,91000,33872,124872,2576,48.5
2022_2_7_-2.9112_13.315,-2.9112,13.315,BFA,Burkina Faso,BFA.1.6_1,Boucle du Mouhoun,2022,2,7,BFA,Boucle du Mouhoun,Bangassogo,communications,antenna,Looting/property destruction,arson,burned,"Property destruction: On 7 February 2022, presumed JNIM militants burned telecommunications antennas in the village of Bangassogo (Kiembara, Sourou).",0,JNIM: Group for Support of Islam and Muslims,,Rebel Groups,Civilians (Burkina Faso),,Civilians,Armed Conflict Location & Event Data Project (ACLED); www.acleddata.com,GSM,,,40000,15000,5000,30000,1000,91000,12613,3135290,5004,0.0016,91000,36077,127077,2576,49.3
2022_6_19_-1.3722_13.3404,-1.3722,13.3404,BFA,Burkina Faso,BFA.4.1_1,Centre-Nord,2022,6,19,BFA,Centre-Nord,Biliga,communications,antenna,Looting/property destruction,destruction,destroyed,"Property destruction: On 19 June 2022, suspected JNIM militants destroyed two telecommunications antennas in the village of Biliga (Nassere, Bam). The militants also ordered residents to leave.",0,JNIM: Group for Support of Islam and Muslims,,Rebel Groups,Civilians (Burkina Faso),,Civilians,Armed Conflict Location & Event Data Project (ACLED); www.acleddata.com,GSM,,,40000,15000,5000,30000,1000,91000,20744,5693894,9107,0.0016,91000,65519,156519,2576,60.8
2023_3_16_-0.4516_12.6905,-0.4516,12.6905,BFA,Burkina Faso,BFA.4.2_1,Centre-Nord,2023,3,16,BFA,Centre-Nord,Gaoga,communications,installation,Attack on civilians,arson,burned,"On 16 March 2023, presumed JNIM militants attacked the village of Gaoga (Namentenga, Centre-Nord). One civilian was killed. The militants also set fire to the local market and the cell phone installations.",1,JNIM: Group for Support of Islam and Muslims,,Rebel Groups,Civilians (Burkina Faso),,Civilians,Armed Conflict Location & Event Data Project (ACLED); www.acleddata.com,UMTS,613.0,2.0,40000,15000,5000,30000,1000,91000,10947,3182276,5093,0.0016,91000,36618,127618,2576,49.5
2022_2_20_-2.5458_13.5407,-2.5458,13.5407,BFA,Burkina Faso,BFA.10.3_1,Nord,2022,2,20,BFA,Nord,Tangaye,communications,antenna,Looting/property destruction,arson,burned,"Property destruction: On 20 February 2022, presumed JNIM militants burned telecommunications antennas in the town of Tangaye (Tangaye, Yatenga).",0,JNIM: Group for Support of Islam and Muslims,,Rebel Groups,Civilians (Burkina Faso),,Civilians,Armed Conflict Location & Event Data Project (ACLED); www.acleddata.com,GSM,,,40000,15000,5000,30000,1000,91000,25277,10463526,16742,0.0016,91000,120402,211402,2576,82.1
2023_1_17_-2.9762_12.921,-2.9762,12.921,BFA,Burkina Faso,BFA.1.5_1,Boucle du Mouhoun,2023,1,17,BFA,Boucle du Mouhoun,Saran,communications,installation,Looting/property destruction,arson,burned,"Property destruction: On 17 January 2023, presumed JNIM burned telecommunications installations in the village of Saran (Yaba, Nayala).",0,JNIM: Group for Support of Islam and Muslims,,Rebel Groups,Civilians (Burkina Faso),,Civilians,Armed Conflict Location & Event Data Project (ACLED); www.acleddata.com,GSM,613.0,1.0,40000,15000,5000,30000,1000,91000,11860,3314506,5302,0.0016,91000,38140,129140,2576,50.1
2021_6_8_-1.8111_13.9786,-1.8111,13.9786,BFA,Burkina Faso,BFA.12.3_1,Sahel,2021,6,8,BFA,Sahel,Bougue,communications,antenna,Looting/property destruction,sabotage_removed,unknown,"Looting: On 8 June 2021, presumed JNIM militants sabotaged a telecommunications antenna by seizing the batteries in the village of Bougue (Pobe-Mengao, Soum).",0,JNIM: Group for Support of Islam and Muslims,,Rebel Groups,Civilians (Burkina Faso),,Civilians,Armed Conflict Location & Event Data Project (ACLED); www.acleddata.com,GSM,,,40000,15000,5000,30000,1000,91000,12665,3459991,5525,0.0016,91000,39814,130814,2576,50.8
2022_12_21_1.6992_11.8606,1.6992,11.8606,BFA,Burkina Faso,BFA.8.5_1,Est,2022,12,21,BFA,Est,Namounou,communications,antenna,Looting/property destruction,sabotage,unknown,"Property destruction: On 21 December 2022, presumed JNIM militants sabotaged telecommunications antennas in Namounou (Namounou, Tapoa).",0,JNIM: Group for Support of Islam and Muslims,,Rebel Groups,Civilians (Burkina Faso),,Civilians,Armed Conflict Location & Event Data Project (ACLED); www.acleddata.com,GSM,,,40000,15000,5000,30000,1000,91000,41532,13632968,21804,0.0016,91000,156873,247873,2576,96.2
2022_12_26_-2.6051_12.9117,-2.6051,12.9117,BFA,Burkina Faso,BFA.10.2_1,Nord,2022,12,26,BFA,Nord,Bagare,communications,installation,Looting/property destruction,arson,burned,"Property destruction: On 26 December 2022, presumed JNIM militants burned telecommunications installations in the village of Bagare (Bagare, Passore).",0,JNIM: Group for Support of Islam and Muslims,,Rebel Groups,Civilians (Burkina Faso),,Civilians,Armed Conflict Location & Event Data Project (ACLED); www.acleddata.com,GSM,613.0,1.0,40000,15000,5000,30000,1000,91000,17232,4325095,6928,0.0016,91000,49768,140768,2576,54.6
2022_10_6_-3.0694_13.0725,-3.0694,13.0725,BFA,Burkina Faso,BFA.1.6_1,Boucle du Mouhoun,2022,10,6,BFA,Boucle du Mouhoun,Tougan,communications,antenna,Looting/property destruction,arson,burned,"Property destruction: On 6 October 2022, presumed JNIM militants burned a Digital Terrestrial Television (DTT) antenna in Tougan (Tougan, Sourou).",0,JNIM: Group for Support of Islam and Muslims,,Rebel Groups,Civilians (Burkina Faso),,Civilians,Armed Conflict Location & Event Data Project (ACLED); www.acleddata.com,UMTS,613.0,1.0,40000,15000,5000,30000,1000,91000,19010,9444690,15105,0.0016,91000,108679,199679,2576,77.5
2022_10_29_-3.6869_11.6261,-3.6869,11.6261,BFA,Burkina Faso,BFA.9.3_1,Haut-Bassins,2022,10,29,BFA,Hauts-Bassins,Bereba,communications,installation,Looting/property destruction,destruction,destroyed,"Property destruction: On 29 October 2022, presumed JNIM militants destroyed a telecommunication installation in the village of Bereba (Bereba, Tuy).",0,JNIM: Group for Support of Islam and Muslims,,Rebel Groups,Civilians (Burkina Faso),,Civilians,Armed Conflict Location & Event Data Project (ACLED); www.acleddata.com,GSM,,,40000,15000,5000,30000,1000,91000,17359,4485189,7178,0.0016,91000,51610,142610,2576,55.4
2022_2_10_0.4331_12.0621,0.4331,12.0621,BFA,Burkina Faso,BFA.8.2_1,Est,2022,2,10,BFA,Est,Bougui,communications,antenna,Attack on civilians,arson,burned,"On 10 February 2022, presumed JNIM militants attacked a Catholic school in the village of Bougui (Fada Ngourma, Gourma). The militants burned a classroom, lodgings, a food storage, a hairdressing room and seized a vehicle belonging to a priest trainer, c",0,JNIM: Group for Support of Islam and Muslims,,Rebel Groups,Civilians (Burkina Faso),Catholic Christian Group (Burkina Faso); Teachers (Burkina Faso); Students (Burkina Faso),Civilians,Armed Conflict Location & Event Data Project (ACLED); www.acleddata.com,UMTS,613.0,2.0,40000,15000,5000,30000,1000,91000,46926,38068385,60909,0.0016,91000,438047,529047,2576,205.4
2022_10_19_-2.4641_13.502,-2.4641,13.502,BFA,Burkina Faso,BFA.10.3_1,Nord,2022,10,19,BFA,Nord,Sissamba,communications,antenna,Looting/property destruction,ransacking,unknown,"Property destruction: On 19 October 2022, presumed JNIM militants vandalized telecommunications installations in Sissamba (Ouahigouya, Yatenga).",0,JNIM: Group for Support of Islam and Muslims,,Rebel Groups,Civilians (Burkina Faso),,Civilians,Armed Conflict Location & Event Data Project (ACLED); www.acleddata.com,UMTS,613.0,2.0,40000,15000,5000,30000,1000,91000,74335,81065913,129711,0.0016,91000,932813,1023813,2576,397.4
2023_2_12_0.01_11.2137,0.01,11.2137,BFA,Burkina Faso,BFA.3.2_1,Centre-Est,2023,2,12,BFA,Centre-Est,Yargatenga,communications,installation,Armed clash,destruction,destroyed,"On 12 February 2023, presumed JNIM militants attacked the town of Yargatenga (Yargatenga, Koulpelogo). One volunteer fighter (VDP) and seventeen civilians were killed. The militants also destroyed telecommunications installations.",18,JNIM: Group for Support of Islam and Muslims,,Rebel Groups,VDP: Volunteer for Defense of Homeland,,Identity Militias,Armed Conflict Location & Event Data Project (ACLED); www.acleddata.com,UMTS,613.0,1.0,40000,15000,5000,30000,1000,91000,33000,11755058,18798,0.0016,91000,135264,226264,2576,87.8
2022_9_3_-2.6316_13.1,-2.6316,13.1,BFA,Burkina Faso,BFA.10.4_1,Nord,2022,9,3,BFA,Nord,Posso,communications,installation,Looting/property destruction,gunfire,damaged,"Property destruction: On 3 September 2022, presumed JNIM militants damaged telecommunications installations by riddling them with bullets in the village of Posso (Boussou, Zondoma).",0,JNIM: Group for Support of Islam and Muslims,,Rebel Groups,Civilians (Burkina Faso),,Civilians,Armed Conflict Location & Event Data Project (ACLED); www.acleddata.com,GSM,,,40000,15000,5000,30000,1000,91000,8351,2136808,3418,0.0016,91000,24588,115588,2576,44.9
2022_1_18_-2.5235_13.7202,-2.5235,13.7202,BFA,Burkina Faso,BFA.10.3_1,Nord,2022,1,18,BFA,Nord,Rim,communications,antenna,Remote explosive/landmine/IED,ied,destroyed,"On 18 January 2022, presumed JNIM militants detonated a telecommunications antenna in the village of Rim (Koumbri, Yatenga).",0,JNIM: Group for Support of Islam and Muslims,,Rebel Groups,,,,Armed Conflict Location & Event Data Project (ACLED); www.acleddata.com,GSM,,,40000,15000,5000,30000,1000,91000,23555,7137289,11418,0.0016,91000,82128,173128,2576,67.2
2022_10_6_-3.4833_11.65,-3.4833,11.65,BFA,Burkina Faso,BFA.9.3_1,Haut-Bassins,2022,10,6,BFA,Hauts-Bassins,Kiere,communications,antenna,Looting/property destruction,destruction,destroyed,"Property destruction: On 6 October 2022, presumed JNIM militants destroyed telecommunications antennas in the village of Kiere (Hounde, Tuy).",0,JNIM: Group for Support of Islam and Muslims,,Rebel Groups,Civilians (Burkina Faso),,Civilians,Armed Conflict Location & Event Data Project (ACLED); www.acleddata.com,GSM,613.0,2.0,40000,15000,5000,30000,1000,91000,19024,4970671,7946,0.0016,91000,57197,148197,2576,57.5
2023_3_29_-3.709_11.9633,-3.709,11.9633,BFA,Burkina Faso,BFA.1.4_1,Boucle du Mouhoun,2023,3,29,BFA,Boucle du Mouhoun,Kera,communications,antenna,Looting/property destruction,destruction,destroyed,"Property destruction: On 29 March 2023, presumed JNIM militants destroyed cell phone network antenna in the village of Kera (Bondokui, Mouhoun).",0,JNIM: Group for Support of Islam and Muslims,,Rebel Groups,Civilians (Burkina Faso),,Civilians,Armed Conflict Location & Event Data Project (ACLED); www.acleddata.com,GSM,613.0,2.0,40000,15000,5000,30000,1000,91000,11470,2939142,4702,0.0016,91000,33820,124820,2576,48.5
2021_12_12_-1.9651_13.6803,-1.9651,13.6803,BFA,Burkina Faso,BFA.10.1_1,Nord,2021,12,12,BFA,Nord,Ouindigui,communications,antenna,Attack on civilians,destruction,destroyed,"On 12 December 2021, presumed JNIM militants attacked the village of Ouindigui (Ouindigui, Loroum). The militants killed five people including volunteer fighters (VDP) (assumed unarmed) and civilians, abducted two health workers, and destroyed telecommun",5,JNIM: Group for Support of Islam and Muslims,,Rebel Groups,Civilians (Burkina Faso),VDP: Volunteer for Defense of Homeland; Labour Group (Burkina Faso); Health Workers (Burkina Faso),Civilians,Armed Conflict Location & Event Data Project (ACLED); www.acleddata.com,GSM,,,40000,15000,5000,30000,1000,91000,18060,5007943,8006,0.0016,91000,57626,148626,2576,57.7
2022_9_8_-4.3379_11.8982,-4.3379,11.8982,BFA,Burkina Faso,BFA.1.2_1,Boucle du Mouhoun,2022,9,8,BFA,Boucle du Mouhoun,Kouka,communications,installation,Looting/property destruction,arson,burned,"Property destruction: On 8 September 2022, presumed JNIM militants burned telecommunications installations in the town of Kouka (Kouka, Banwa).",0,JNIM: Group for Support of Islam and Muslims,,Rebel Groups,Civilians (Burkina Faso),,Civilians,Armed Conflict Location & Event Data Project (ACLED); www.acleddata.com,GSM,,,40000,15000,5000,30000,1000,91000,26672,7178711,11484,0.0016,91000,82604,173604,2576,67.4
2022_11_3_-2.3679_13.6703,-2.3679,13.6703,BFA,Burkina Faso,BFA.10.3_1,Nord,2022,11,3,BFA,Nord,Youba,communications,antenna,Looting/property destruction,sabotage_removed,unknown,"Property destruction: On 3 November 2022, presumed JNIM militants sabotaged a telecommunications antenna by removing the batteries in the village of Youba (Ouahigouya, Yatenga).",0,JNIM: Group for Support of Islam and Muslims,,Rebel Groups,Civilians (Burkina Faso),,Civilians,Armed Conflict Location & Event Data Project (ACLED); www.acleddata.com,GSM,613.0,1.0,40000,15000,5000,30000,1000,91000,37340,19623972,31400,0.0016,91000,225810,316810,2576,123.0
2022_1_14_-2.3221_13.6553,-2.3221,13.6553,BFA,Burkina Faso,BFA.10.3_1,Nord,2022,1,14,BFA,Nord,Ouahigouya Airport,communications,antenna,Looting/property destruction,destruction,destroyed,"Property destruction: On 14 January 2022, presumed JNIM militants destroyed a telecommunications antenna near the Ouahigouya Airport (Namissiguima, Yatenga).",0,JNIM: Group for Support of Islam and Muslims,,Rebel Groups,Civilians (Burkina Faso),,Civilians,Armed Conflict Location & Event Data Project (ACLED); www.acleddata.com,UMTS,613.0,1.0,40000,15000,5000,30000,1000,91000,15092,6929190,11084,0.0016,91000,79733,170733,2576,66.3
2021_3_5_-1.7004_13.9859,-1.7004,13.9859,BFA,Burkina Faso,BFA.12.3_1,Sahel,2021,3,5,BFA,Sahel,Silgueye,communications,antenna,Looting/property destruction,sabotage_removed,unknown,"Looting: On 5 March 2021, presumed JNIM militants seized solar panels and batteries from a telecommunications antenna in the village of Silgueye (Djibo, Soum).",0,JNIM: Group for Support of Islam and Muslims,,Rebel Groups,Civilians (Burkina Faso),,Civilians,Armed Conflict Location & Event Data Project (ACLED); www.acleddata.com,GSM,,,40000,15000,5000,30000,1000,91000,18833,5264802,8426,0.0016,91000,60581,151581,2576,58.8
2022_10_22_-0.4603_14.6755,-0.4603,14.6755,BFA,Burkina Faso,BFA.12.1_1,Sahel,2022,10,22,BFA,Sahel,Oursi,communications,antenna,Looting/property destruction,destruction,destroyed,"Property destruction: On 22 October 2022, presumed IS Sahel militants destroyed a telecommunications antenna in Oursi (Oursi, Oudalan).",0,Islamic State (West Africa) - Greater Sahara Faction,,Rebel Groups,Civilians (Burkina Faso),,Civilians,Armed Conflict Location & Event Data Project (ACLED); www.acleddata.com,GSM,,,40000,15000,5000,30000,1000,91000,12408,3060794,4899,0.0016,91000,35220,126220,2576,49.0
2022_12_31_-2.1806_11.6431,-2.1806,11.6431,BFA,Burkina Faso,BFA.5.4_1,Centre-Ouest,2022,12,31,BFA,Centre-Ouest,Gao,communications,installation,Looting/property destruction,arson,burned,"Property destruction: On 31 December 2022, presumed JNIM militants burned the gendarmerie, mayor's office, and telecommunications installations in the village of Gao (Gao, Ziro).",0,JNIM: Group for Support of Islam and Muslims,,Rebel Groups,Civilians (Burkina Faso),Police Forces of Burkina Faso (2022-) Gendarmerie; Government of Burkina Faso (2022-),Civilians,Armed Conflict Location & Event Data Project (ACLED); www.acleddata.com,GSM,613.0,2.0,40000,15000,5000,30000,1000,91000,14090,3379776,5410,0.0016,91000,38891,129891,2576,50.4
2022_11_7_-2.5622_13.0281,-2.5622,13.0281,BFA,Burkina Faso,BFA.10.4_1,Nord,2022,11,7,BFA,Nord,Boussou,communications,antenna,Looting/property destruction,sabotage_removed,unknown,"Looting: On 7 November 2022, presumed JNIM militants burned the prefecture and sabotaged a telecommunications antenna by removing the solar panels in the village of Boussou (Boussou, Zondoma).",0,JNIM: Group for Support of Islam and Muslims,,Rebel Groups,Civilians (Burkina Faso),Government of Burkina Faso (2022-),Civilians,Armed Conflict Location & Event Data Project (ACLED); www.acleddata.com,GSM,613.0,1.0,40000,15000,5000,30000,1000,91000,12349,2804073,4491,0.0016,91000,32266,123266,2576,47.9
2022_3_31_0.5528_11.0142,0.5528,11.0142,BFA,Burkina Faso,BFA.8.4_1,Est,2022,3,31,BFA,Est,Tambibongou,communications,antenna,Looting/property destruction,ransacking,unknown,"Property destruction: On 31 March 2022, presumed JNIM militants vandalized a telecommunications antenna in the village of Tambibongou (Kompienga, Kompienga).",0,JNIM: Group for Support of Islam and Muslims,,Rebel Groups,Civilians (Burkina Faso),,Civilians,Armed Conflict Location & Event Data Project (ACLED); www.acleddata.com,GSM,,,40000,15000,5000,30000,1000,91000,15077,3861708,6179,0.0016,91000,44436,135436,2576,52.6
2022_1_30_-1.0309_13.2438,-1.0309,13.2438,BFA,Burkina Faso,BFA.4.3_1,Centre-Nord,2022,1,30,BFA,Centre-Nord,Gabou,communications,antenna,Looting/property destruction,arson,burned,"Property destruction: On 30 January 2022, presumed JNIM militants burned a telecommunications antenna and the market in the village of Gabou (Barsalogho, Sanmatenga).",0,JNIM: Group for Support of Islam and Muslims,,Rebel Groups,Civilians (Burkina Faso),Labour Group (Burkina Faso),Civilians,Armed Conflict Location & Event Data Project (ACLED); www.acleddata.com,GSM,,,40000,15000,5000,30000,1000,91000,28087,7446164,11917,0.0016,91000,85682,176682,2576,68.6
2022_5_9_-0.1363_13.4072,-0.1363,13.4072,BFA,Burkina Faso,BFA.8.1_1,Est,2022,5,9,BFA,Est,Coalla,communications,antenna,Looting/property destruction,destruction,destroyed,"Property destruction: On 9 May 2022, overnight presumed JNIM militants destroyed a telecommunications antenna in the town of Coalla (Coalla, Gnagna).",0,JNIM: Group for Support of Islam and Muslims,,Rebel Groups,Civilians (Burkina Faso),,Civilians,Armed Conflict Location & Event Data Project (ACLED); www.acleddata.com,GSM,,,40000,15000,5000,30000,1000,91000,5721,1494571,2388,0.0016,91000,17198,108198,2576,42.0
2022_1_18_-2.7605_13.6128,-2.7605,13.6128,BFA,Burkina Faso,BFA.10.3_1,Nord,2022,1,18,BFA,Nord,Douma,communications,antenna,Looting/property destruction,sabotage,unknown,"Property destruction: On 18 January 2022, presumed JNIM militants sabotaged a telecommunications antenna in the village of Douma (Tangaye, Yatenga).",0,JNIM: Group for Support of Islam and Muslims,,Rebel Groups,Civilians (Burkina Faso),,Civilians,Armed Conflict Location & Event Data Project (ACLED); www.acleddata.com,GSM,,,40000,15000,5000,30000,1000,91000,8503,2346150,3757,0.0016,91000,26997,117997,2576,45.8
2022_1_15_-0.719_14.6008,-0.719,14.6008,BFA,Burkina Faso,BFA.12.1_1,Sahel,2022,1,15,BFA,Sahel,Deou,communications,antenna,Remote explosive/landmine/IED,ied,destroyed,"On 15 January 2022, presumed JNIM militants detonated a telecommunications antenna in the village of Deou (Deou, Oudalan).",0,JNIM: Group for Support of Islam and Muslims,,Rebel Groups,,,,Armed Conflict Location & Event Data Project (ACLED); www.acleddata.com,GSM,,,40000,15000,5000,30000,1000,91000,8025,2174717,3467,0.0016,91000,25024,116024,2576,45.0
2022_3_5_-2.8231_13.1219,-2.8231,13.1219,BFA,Burkina Faso,BFA.1.6_1,Boucle du Mouhoun,2022,3,5,BFA,Boucle du Mouhoun,Toaga,communications,installation,Looting/property destruction,arson,burned,"Property destruction: On 5 March 2022, presumed JNIM militants burned a telecommunications installation in the village of Toaga (Tougan, Sourou).",0,JNIM: Group for Support of Islam and Muslims,,Rebel Groups,Civilians (Burkina Faso),,Civilians,Armed Conflict Location & Event Data Project (ACLED); www.acleddata.com,GSM,,,40000,15000,5000,30000,1000,91000,6407,2488468,3984,0.0016,91000,28634,119634,2576,46.4
2022_2_16_0.1403_11.5013,0.1403,11.5013,BFA,Burkina Faso,BFA.3.2_1,Centre-Est,2022,2,16,BFA,Centre-Est,Yonde,communications,antenna,Looting/property destruction,arson,burned,"Property destruction: On 16 February 2022, presumed JNIM militants burned the mayor's office, the prefecture, a livestock warehouse, and a telecommunications antenna in the town of Yonde (Yonde, Boulgou).",0,JNIM: Group for Support of Islam and Muslims,,Rebel Groups,Civilians (Burkina Faso),Government of Burkina Faso (2022-),Civilians,Armed Conflict Location & Event Data Project (ACLED); www.acleddata.com,UMTS,613.0,2.0,40000,15000,5000,30000,1000,91000,28306,7332711,11746,0.0016,91000,84376,175376,2576,68.1
2022_10_15_-0.233_12.9348,-0.233,12.9348,BFA,Burkina Faso,BFA.8.1_1,Est,2022,10,15,BFA,Est,Kossougoudou,communications,installation,Looting/property destruction,destruction,destroyed,"Property destruction: On 15 October 2022, presumed JNIM militants destroyed telecommunications installations in the village of Kossougoudou (Bogande, Gnagna).",0,JNIM: Group for Support of Islam and Muslims,,Rebel Groups,Civilians (Burkina Faso),,Civilians,Armed Conflict Location & Event Data Project (ACLED); www.acleddata.com,GSM,,,40000,15000,5000,30000,1000,91000,12714,4094586,6552,0.0016,91000,47116,138116,2576,53.6
2022_10_16_-0.3747_12.8521,-0.3747,12.8521,BFA,Burkina Faso,BFA.4.2_1,Centre-Nord,2022,10,16,BFA,Centre-Nord,Lillougou,communications,antenna,Looting/property destruction,arson,burned,"Property destruction: On 16 October 2022, presumed JNIM militants burned telecommunications antennas in the village of Lillougou (Zeguedeguen, Namentenga).",0,JNIM: Group for Support of Islam and Muslims,,Rebel Groups,Civilians (Burkina Faso),,Civilians,Armed Conflict Location & Event Data Project (ACLED); www.acleddata.com,GSM,,,40000,15000,5000,30000,1000,91000,13055,3472714,5557,0.0016,91000,39960,130960,2576,50.8
2022_7_4_-2.7283_13.2395,-2.7283,13.2395,BFA,Burkina Faso,BFA.1.6_1,Boucle du Mouhoun,2022,7,4,BFA,Boucle du Mouhoun,Kiembara,communications,installation,Looting/property destruction,arson,burned,"Property destruction: On 4 July 2022, presumed JNIM militants burned a warehouse belonging to the mayor office, a bar, a police station, a gendarmerie, and a telecommunications installation, and seized a motorcycle in the town of Kiembara (Kiembara, Sour",0,JNIM: Group for Support of Islam and Muslims,,Rebel Groups,Civilians (Burkina Faso),Government of Burkina Faso (2022-); Labour Group (Burkina Faso); Police Forces of Burkina Faso (2022-); Police Forces of Burkina Faso (2022-) Gendarmerie,Civilians,Armed Conflict Location & Event Data Project (ACLED); www.acleddata.com,GSM,,,40000,15000,5000,30000,1000,91000,15922,4636343,7417,0.0016,91000,53350,144350,2576,56.0
2022_10_30_-1.2239_13.1021,-1.2239,13.1021,BFA,Burkina Faso,BFA.4.3_1,Centre-Nord,2022,10,30,BFA,Centre-Nord,Sian,communications,antenna,Looting/property destruction,ransacking,unknown,"Property destruction: On 30 October 2022, presumed JNIM militants vandalized a bar and a telecommunication antenna in the village of Sian (Kaya, Sanmatenga).",0,JNIM: Group for Support of Islam and Muslims,,Rebel Groups,Civilians (Burkina Faso),Labour Group (Burkina Faso),Civilians,Armed Conflict Location & Event Data Project (ACLED); www.acleddata.com,GSM,613.0,2.0,40000,15000,5000,30000,1000,91000,26711,7539858,12063,0.0016,91000,86760,177760,2576,69.0
2022_10_23_-4.6833_9.95,-4.6833,9.95,BFA,Burkina Faso,BFA.2.1_1,Cascades,2022,10,23,BFA,Cascades,Folonzo,communications,antenna,Looting/property destruction,sabotage,unknown,"Property destruction: On 23 October 2022, presumed JNIM militants sabotaged a telecommunications antenna in the village of Folonzo (Niangoloko, Comoe).",0,JNIM: Group for Support of Islam and Muslims,,Rebel Groups,Civilians (Burkina Faso),,Civilians,Armed Conflict Location & Event Data Project (ACLED); www.acleddata.com,GSM,,,40000,15000,5000,30000,1000,91000,7776,2094255,3351,0.0016,91000,24098,115098,2576,44.7
2022_8_19_-4.1098_12.5496,-4.1098,12.5496,BFA,Burkina Faso,BFA.1.3_1,Boucle du Mouhoun,2022,8,19,BFA,Boucle du Mouhoun,Dokui,communications,antenna,Looting/property destruction,arson,burned,"Property destruction: On 19 August 2022, presumed JNIM militants vandalized and burned a police station, a telecommunications antenna, and school classes in the town of Dokui (Dokui, Kossi).",0,JNIM: Group for Support of Islam and Muslims,,Rebel Groups,Civilians (Burkina Faso),Police Forces of Burkina Faso (2022-),Civilians,Armed Conflict Location & Event Data Project (ACLED); www.acleddata.com,GSM,,,40000,15000,5000,30000,1000,91000,12723,3360839,5367,0.0016,91000,38673,129673,2576,50.3
2022_2_4_-3.4088_12.9833,-3.4088,12.9833,BFA,Burkina Faso,BFA.1.6_1,Boucle du Mouhoun,2022,2,4,BFA,Boucle du Mouhoun,Lanfiera,communications,antenna,Looting/property destruction,sabotage,unknown,"Property destruction: Around 4 February 2022 (as reported), presumed JNIM militants sabotaged a telecommunications installation in the town of Lanfiera (Lanfiera, Sourou).",0,JNIM: Group for Support of Islam and Muslims,,Rebel Groups,Civilians (Burkina Faso),,Civilians,Armed Conflict Location & Event Data Project (ACLED); www.acleddata.com,GSM,,,40000,15000,5000,30000,1000,91000,23490,7128303,11403,0.0016,91000,82024,173024,2576,67.2
2023_2_6_-0.3323_11.5747,-0.3323,11.5747,BFA,Burkina Faso,BFA.3.1_1,Centre-Est,2023,2,6,BFA,Centre-Est,Koabgtenga,communications,installation,Looting/property destruction,arson,burned,"Property destruction: On 6 February 2023, presumed JNIM militants set fire to the town hall, the prefecture, cell phone installations, some private houses, the primary school, the college, and several teacher motorcycles in Koabgtenga (Bane, Boulgou).",0,JNIM: Group for Support of Islam and Muslims,,Rebel Groups,Civilians (Burkina Faso),Government of Burkina Faso (2022-); Teachers (Burkina Faso),Civilians,Armed Conflict Location & Event Data Project (ACLED); www.acleddata.com,GSM,613.0,2.0,40000,15000,5000,30000,1000,91000,19881,5501218,8814,0.0016,91000,63302,154302,2576,59.9
2022_11_24_-3.8473_10.4009,-3.8473,10.4009,BFA,Burkina Faso,BFA.2.1_1,Cascades,2022,11,24,BFA,Cascades,Ouo,communications,installation,Armed clash,ransacking,unknown,"On 24 November 2022, JNIM militants attacked gendarmerie and forest guard positions in the town of Ouo (Ouo, Comoe). The militants abducted a forest guard, vandalized the gendarmerie, the mayor's office, the prefecture, bars, and telecommunications insta",0,JNIM: Group for Support of Islam and Muslims,,Rebel Groups,Police Forces of Burkina Faso (2022-) Gendarmerie,Forest Guards (Burkina Faso),State Forces,Armed Conflict Location & Event Data Project (ACLED); www.acleddata.com,GSM,,,40000,15000,5000,30000,1000,91000,17771,4562943,7305,0.0016,91000,52505,143505,2576,55.7
2022_8_20_-0.0923_12.2985,-0.0923,12.2985,BFA,Burkina Faso,BFA.8.1_1,Est,2022,8,20,BFA,Est,Moaka,communications,installation,Looting/property destruction,looting,looting,"Looting: On 20 August 2022, presumed JNIM militants looted batteries at a telecommunications installation in the village of Moaka (Bilanga, Gnagna).",0,JNIM: Group for Support of Islam and Muslims,,Rebel Groups,Civilians (Burkina Faso),,Civilians,Armed Conflict Location & Event Data Project (ACLED); www.acleddata.com,GSM,,,40000,15000,5000,30000,1000,91000,8023,2281014,3652,0.0016,91000,26247,117247,2576,45.5
2022_2_7_-0.0569_11.3394,-0.0569,11.3394,BFA,Burkina Faso,BFA.3.1_1,Centre-Est,2022,2,7,BFA,Centre-Est,Sawengua,communications,other,Looting/property destruction,arson,burned,"Property destruction: On 7 February 2022, presumed JNIM burned a telecommunications station in the village of Sawengua (Bittou, Boulgou).",0,JNIM: Group for Support of Islam and Muslims,,Rebel Groups,Civilians (Burkina Faso),,Civilians,Armed Conflict Location & Event Data Project (ACLED); www.acleddata.com,GSM,,,40000,15000,5000,30000,1000,91000,14731,3870852,6185,0.0016,91000,44541,135541,2576,52.6
2022_10_5_-1.1779_11.4389,-1.1779,11.4389,BFA,Burkina Faso,BFA.6.3_1,Centre-Sud,2022,10,5,BFA,Centre-Sud,Pont Nazinon,communications,installation (mention),Armed clash,battle,unknown,"On 5 October 2022, suspected JNIM militants killed a security guard at a telecommunications installation in the forest of Nazinon, near Pont Nazinon (Nobere, Zoundweogo).",1,JNIM: Group for Support of Islam and Muslims,,Rebel Groups,Private Security Forces (Burkina Faso),,External and Other Forces,Armed Conflict Location & Event Data Project (ACLED); www.acleddata.com,GSM,613.0,2.0,40000,15000,5000,30000,1000,91000,12232,2925737,4686,0.0016,91000,33666,124666,2576,48.4
2022_11_1_-3.752_11.8669,-3.752,11.8669,BFA,Burkina Faso,BFA.1.4_1,Boucle du Mouhoun,2022,11,1,BFA,Boucle du Mouhoun,Bondokuy,communications,installation,Looting/property destruction,arson,burned,"Property destruction: On 1 November 2022, presumed JNIM militants burned telecommunications installations in the village of Bondokuy (Bondokui, Mouhoun).",0,JNIM: Group for Support of Islam and Muslims,,Rebel Groups,Civilians (Burkina Faso),,Civilians,Armed Conflict Location & Event Data Project (ACLED); www.acleddata.com,GSM,613.0,2.0,40000,15000,5000,30000,1000,91000,16702,4445824,7115,0.0016,91000,51157,142157,2576,55.2
2022_3_30_-1.5387_13.4531,-1.5387,13.4531,BFA,Burkina Faso,BFA.4.1_1,Centre-Nord,2022,3,30,BFA,Centre-Nord,Kourpelle,communications,antenna,Looting/property destruction,arson,burned,"Property destruction: On 30 March 2022, presumed JNIM militants burned two bars and a telecommunications antenna in the village of Kourpelle (Kongoussi, Bam).",0,JNIM: Group for Support of Islam and Muslims,,Rebel Groups,Civilians (Burkina Faso),Labour Group (Burkina Faso),Civilians,Armed Conflict Location & Event Data Project (ACLED); www.acleddata.com,GSM,,,40000,15000,5000,30000,1000,91000,26517,7768629,12437,0.0016,91000,89392,180392,2576,70.0
2022_1_19_-3.4932_12.8258,-3.4932,12.8258,BFA,Burkina Faso,BFA.1.3_1,Boucle du Mouhoun,2022,1,19,BFA,Boucle du Mouhoun,Sono,communications,antenna,Looting/property destruction,sabotage,unknown,"Property destruction: On 19 January 2022, presumed JNIM militants sabotaged a telecommunications antenna in the village of Sono (Sono, Kossi).",0,JNIM: Group for Support of Islam and Muslims,,Rebel Groups,Civilians (Burkina Faso),,Civilians,Armed Conflict Location & Event Data Project (ACLED); www.acleddata.com,GSM,,,40000,15000,5000,30000,1000,91000,8614,2067091,3313,0.0016,91000,23786,114786,2576,44.6
2022_10_16_-0.282_12.8424,-0.282,12.8424,BFA,Burkina Faso,BFA.4.2_1,Centre-Nord,2022,10,16,BFA,Centre-Nord,Kogossablogo,communications,antenna,Looting/property destruction,arson,burned,"Property destruction: On 16 October 2022, presumed JNIM militants burned telecommunications antennas in the village of Kogossablogo (Dargo, Namentenga).",0,JNIM: Group for Support of Islam and Muslims,,Rebel Groups,Civilians (Burkina Faso),,Civilians,Armed Conflict Location & Event Data Project (ACLED); www.acleddata.com,GSM,,,40000,15000,5000,30000,1000,91000,10197,3281311,5247,0.0016,91000,37758,128758,2576,50.0
2022_2_9_0.7233_11.0811,0.7233,11.0811,BFA,Burkina Faso,BFA.8.4_1,Est,2022,2,9,BFA,Est,Kompienga,communications,telecommunications station,Looting/property destruction,looting,looting,"Looting: On 9 February 2022, presumed JNIM militants looted fuel at a telecommunications station in Kompienga (Kompienga, Kompienga).",0,JNIM: Group for Support of Islam and Muslims,,Rebel Groups,Civilians (Burkina Faso),,Civilians,Armed Conflict Location & Event Data Project (ACLED); www.acleddata.com,GSM,613.0,2.0,40000,15000,5000,30000,1000,91000,24467,9287244,14860,0.0016,91000,106867,197867,2576,76.8
2022_10_3_-3.5553_11.1877,-3.5553,11.1877,BFA,Burkina Faso,BFA.9.3_1,Haut-Bassins,2022,10,3,BFA,Hauts-Bassins,Gombeledougou,communications,antenna,Looting/property destruction,sabotage,unknown,"Property destruction: On 3 October 2022, presumed JNIM militants fired gunshots at a telecommunications installation in the village of Gombeledougou (Koumbia, Tuy).",0,JNIM: Group for Support of Islam and Muslims,,Rebel Groups,Civilians (Burkina Faso),,Civilians,Armed Conflict Location & Event Data Project (ACLED); www.acleddata.com,GSM,,,40000,15000,5000,30000,1000,91000,6544,1881106,3010,0.0016,91000,21646,112646,2576,43.7
2022_1_14_-2.071_13.7677,-2.071,13.7677,BFA,Burkina Faso,BFA.10.1_1,Nord,2022,1,14,BFA,Nord,Titao,communications,antenna,Looting/property destruction,sabotage,unknown,"Property destruction: On 14 January 2022, overnight presumed JNIM militants sabotaged a telecommunications antenna in the area of Titao (Titao, Loroum).",0,JNIM: Group for Support of Islam and Muslims,,Rebel Groups,Civilians (Burkina Faso),,Civilians,Armed Conflict Location & Event Data Project (ACLED); www.acleddata.com,UMTS,613.0,2.0,40000,15000,5000,30000,1000,91000,22364,7751582,12386,0.0016,91000,89196,180196,2576,70.0
2022_1_15_-1.6082_13.8317,-1.6082,13.8317,BFA,Burkina Faso,BFA.4.1_1,Centre-Nord,2022,1,15,BFA,Centre-Nord,Namssiguia,communications,antenna,Armed clash,arson,burned,"On 15 January 2022, presumed JNIM militants and volunteer fighters (VDP) and Koglweogo clashed in the village of Namssiguia (Bourzanga, Bam). The militants killed at least nine civilians, wounded a volunteer fighter (VDP), burned an ambulance, a telecomm",9,JNIM: Group for Support of Islam and Muslims,,Rebel Groups,VDP: Volunteer for Defense of Homeland,Koglweogo Militia,Identity Militias,Armed Conflict Location & Event Data Project (ACLED); www.acleddata.com,GSM,,,40000,15000,5000,30000,1000,91000,18040,4977790,7969,0.0016,91000,57279,148279,2576,57.6
2023_3_15_-0.5225_13.3164,-0.5225,13.3164,BFA,Burkina Faso,BFA.4.2_1,Centre-Nord,2023,3,15,BFA,Centre-Nord,Tougouri,communications,radio station,Looting/property destruction,arson,burned,"Property destruction: On 15 March 2023, presumed JNIM militants set fire to the local radio station in the town of Tougouri (Namentenga, Centre-Nord).",0,JNIM: Group for Support of Islam and Muslims,,Rebel Groups,Civilians (Burkina Faso),,Civilians,Armed Conflict Location & Event Data Project (ACLED); www.acleddata.com,GSM,,,40000,15000,5000,30000,1000,91000,24267,7323482,11712,0.0016,91000,84270,175270,2576,68.0
2022_3_11_-1.6418_14.0875,-1.6418,14.0875,BFA,Burkina Faso,BFA.12.3_1,Sahel,2022,3,11,BFA,Sahel,Djibo,communications,radio station,Looting/property destruction,ransacking,unknown,"Property destruction: On 11 March 2022, presumed JNIM militants vandalized a radio station in the town of Djibo (Djibo, Soum).",0,JNIM: Group for Support of Islam and Muslims,,Rebel Groups,Civilians (Burkina Faso),Journalists (Burkina Faso),Civilians,Armed Conflict Location & Event Data Project (ACLED); www.acleddata.com,UMTS,613.0,1.0,40000,15000,5000,30000,1000,91000,32653,10422983,16676,0.0016,91000,119936,210936,2576,81.9
2022_10_7_-3.2579_11.4269,-3.2579,11.4269,BFA,Burkina Faso,BFA.9.3_1,Haut-Bassins,2022,10,7,BFA,Hauts-Bassins,Lolio,communications,antenna,Looting/property destruction,arson,burned,"Property destruction: On 7 October 2022, presumed JNIM militants burned a telecommunications antenna in the village of Lolio (Founzan, Tuy).",0,JNIM: Group for Support of Islam and Muslims,,Rebel Groups,Civilians (Burkina Faso),,Civilians,Armed Conflict Location & Event Data Project (ACLED); www.acleddata.com,GSM,613.0,2.0,40000,15000,5000,30000,1000,91000,23589,6354929,10168,0.0016,91000,73125,164125,2576,63.7
2022_10_24_-0.3536_11.4974,-0.3536,11.4974,BFA,Burkina Faso,BFA.3.1_1,Centre-Est,2022,10,24,BFA,Centre-Est,Ouada-V1,communications,installation,Looting/property destruction,arson,burned,"Property destruction: On 24 October 2022, presumed JNIM militants burned two schools and two telecommunications installations in the village of Ouada-V1 (Bane, Boulgou).",0,JNIM: Group for Support of Islam and Muslims,,Rebel Groups,Civilians (Burkina Faso),,Civilians,Armed Conflict Location & Event Data Project (ACLED); www.acleddata.com,GSM,613.0,1.0,40000,15000,5000,30000,1000,91000,17366,4634598,7417,0.0016,91000,53330,144330,2576,56.0
2022_10_22_-0.235_12.9818,-0.235,12.9818,BFA,Burkina Faso,BFA.8.1_1,Est,2022,10,22,BFA,Est,Tieri,communications,installation,Looting/property destruction,destruction,destroyed,"Property destruction: On 22 October 2022, presumed JNIM militants destroyed a telecommunications installation in the village of Tieri (Bogande, Gnagna).",0,JNIM: Group for Support of Islam and Muslims,,Rebel Groups,Civilians (Burkina Faso),,Civilians,Armed Conflict Location & Event Data Project (ACLED); www.acleddata.com,GSM,613.0,1.0,40000,15000,5000,30000,1000,91000,18329,6510456,10415,0.0016,91000,74915,165915,2576,64.4
2019_12_18_-1.9551_13.8826,-1.9551,13.8826,BFA,Burkina Faso,BFA.10.1_1,Nord,2019,12,18,BFA,Nord,Toulfe,communications,telecommunications tower,Remote explosive/landmine/IED,ied,destroyed,"On 18 December 2019, presumed JNIM militants detonated a transmission tower in Toulfe.",0,JNIM: Group for Support of Islam and Muslims,,Rebel Groups,,,,Armed Conflict Location & Event Data Project (ACLED); www.acleddata.com,GSM,,,40000,15000,5000,30000,1000,91000,11079,2881758,4606,0.0016,91000,33160,124160,2576,48.2
2022_11_17_-0.2646_12.6256,-0.2646,12.6256,BFA,Burkina Faso,BFA.4.2_1,Centre-Nord,2022,11,17,BFA,Centre-Nord,Yaongo,communications,installation,Looting/property destruction,arson,burned,"Property destruction: On 17 November 2022, presumed JNIM militants burned telecommunications installations in the village of Yaongo (Dargo, Namentenga).",0,JNIM: Group for Support of Islam and Muslims,,Rebel Groups,Civilians (Burkina Faso),,Civilians,Armed Conflict Location & Event Data Project (ACLED); www.acleddata.com,GSM,613.0,2.0,40000,15000,5000,30000,1000,91000,15383,4688138,7502,0.0016,91000,53946,144946,2576,56.3
2022_2_15_-0.5868_13.49,-0.5868,13.49,BFA,Burkina Faso,BFA.4.2_1,Centre-Nord,2022,2,15,BFA,Centre-Nord,Damkarko 2,communications,antenna,Looting/property destruction,destruction,destroyed,"Property destruction: On 15 February 2022, presumed JNIM militants destroyed a telecommunications antenna in the village of Damkarko 2 (Bouroum, Namentenga).",0,JNIM: Group for Support of Islam and Muslims,,Rebel Groups,Civilians (Burkina Faso),,Civilians,Armed Conflict Location & Event Data Project (ACLED); www.acleddata.com,GSM,,,40000,15000,5000,30000,1000,91000,10284,2858627,4576,0.0016,91000,32894,123894,2576,48.1
2022_9_1_1.8669_11.8752,1.8669,11.8752,BFA,Burkina Faso,BFA.8.5_1,Est,2022,9,1,BFA,Est,Tansarga,communications,antenna,Looting/property destruction,ransacking,unknown,"Property destruction: On 1 September 2022, presumed JNIM militants vandalized telecommunications installations in Tansarga (Tansarga, Tapoa).",0,JNIM: Group for Support of Islam and Muslims,,Rebel Groups,Civilians (Burkina Faso),,Civilians,Armed Conflict Location & Event Data Project (ACLED); www.acleddata.com,GSM,,,40000,15000,5000,30000,1000,91000,23782,6229914,9968,0.0016,91000,71687,162687,2576,63.2
2022_2_21_-2.5921_13.3978,-2.5921,13.3978,BFA,Burkina Faso,BFA.10.3_1,Nord,2022,2,21,BFA,Nord,Zogore,communications,antenna,Looting/property destruction,destruction,destroyed,"Property destruction: On 21 February 2022, presumed JNIM militants destroyed telecommunications antennas in Zogore (Zogore, Yatenga).",0,JNIM: Group for Support of Islam and Muslims,,Rebel Groups,Civilians (Burkina Faso),,Civilians,Armed Conflict Location & Event Data Project (ACLED); www.acleddata.com,GSM,613.0,2.0,40000,15000,5000,30000,1000,91000,23417,6956087,11132,0.0016,91000,80043,171043,2576,66.4
2022_3_5_0.7075_11.2497,0.7075,11.2497,BFA,Burkina Faso,BFA.8.4_1,Est,2022,3,5,BFA,Est,Pama,communications,antenna,Remote explosive/landmine/IED,sabotage,unknown,"On 5 March 2022, presumed JNIM militants set off explosives and sabotaged a power generator and a telecommunications antenna in Pama (Pama, Kompienga).",0,JNIM: Group for Support of Islam and Muslims,,Rebel Groups,,,,Armed Conflict Location & Event Data Project (ACLED); www.acleddata.com,GSM,,,40000,15000,5000,30000,1000,91000,13050,3623104,5792,0.0016,91000,41691,132691,2576,51.5
2023_2_27_-1.3441_12.9876,-1.3441,12.9876,BFA,Burkina Faso,BFA.4.3_1,Centre-Nord,2023,2,27,BFA,Centre-Nord,Mane,communications,installation,Looting/property destruction,ransacking,unknown,"Property destruction: On 27 February 2023, presumed JNIM militants set fire to shops and five trucks belonging to a Bissa Gold mine subcontractor in the town of Mane (Mane, Sanmatenga). The militants also vandalized a cell phone installations.",0,JNIM: Group for Support of Islam and Muslims,,Rebel Groups,Civilians (Burkina Faso),Labor Group (Burkina Faso); Miners (Burkina Faso),Civilians,Armed Conflict Location & Event Data Project (ACLED); www.acleddata.com,GSM,,,40000,15000,5000,30000,1000,91000,25546,6830197,10934,0.0016,91000,78594,169594,2576,65.8
2022_3_2_1.7693_11.7302,1.7693,11.7302,BFA,Burkina Faso,BFA.8.5_1,Est,2022,3,2,BFA,Est,Namponsiga,communications,antenna,Looting/property destruction,arson,burned,"Property destruction: On 2 March 2022, presumed JNIM militants burned a bar and a telecommunications antenna in the village of Namponsiga (Logobou, Tapoa).",0,JNIM: Group for Support of Islam and Muslims,,Rebel Groups,Civilians (Burkina Faso),Labour Group (Burkina Faso),Civilians,Armed Conflict Location & Event Data Project (ACLED); www.acleddata.com,GSM,,,40000,15000,5000,30000,1000,91000,18930,4797761,7681,0.0016,91000,55207,146207,2576,56.8
2021_8_3_0.7953_12.8801,0.7953,12.8801,BFA,Burkina Faso,BFA.8.3_1,Est,2021,8,3,BFA,Est,Bartiebougou,communications,antenna,Looting/property destruction,ransacking,unknown,"Property destruction: On 3 August 2021, presumed JNIM militants vandalized a telecommunications antenna in the village of Bartiebougou (Bartiebougou, Komandjari).",0,JNIM: Group for Support of Islam and Muslims,,Rebel Groups,Civilians (Burkina Faso),,Civilians,Armed Conflict Location & Event Data Project (ACLED); www.acleddata.com,GSM,,,40000,15000,5000,30000,1000,91000,7923,1905364,3056,0.0016,91000,21925,112925,2576,43.8
2022_12_18_0.0342_14.6387,0.0342,14.6387,BFA,Burkina Faso,BFA.12.1_1,Sahel,2022,12,18,BFA,Sahel,Markoye,communications,installation,Looting/property destruction,arson,burned,"Looting: On 18 December 2022, presumed IS Sahel militants burned telecommunications installations and seized livestock in the town of Markoye (Markoye, Oudalan).",0,Islamic State (West Africa) - Greater Sahara Faction,,Rebel Groups,Civilians (Burkina Faso),,Civilians,Armed Conflict Location & Event Data Project (ACLED); www.acleddata.com,GSM,,,40000,15000,5000,30000,1000,91000,9444,2449221,3910,0.0016,91000,28183,119183,2576,46.3
2022_2_21_1.562_12.5423,1.562,12.5423,BFA,Burkina Faso,BFA.8.5_1,Est,2022,2,21,BFA,Est,Bantoini,communications,antenna,Looting/property destruction,arson,burned,"Property destruction: On 21 February 2022, presumed JNIM militants burned a telecommunications antenna in the village of Bantoini (Kantchari, Tapoa).",0,JNIM: Group for Support of Islam and Muslims,,Rebel Groups,Civilians (Burkina Faso),,Civilians,Armed Conflict Location & Event Data Project (ACLED); www.acleddata.com,GSM,613.0,2.0,40000,15000,5000,30000,1000,91000,10950,2984640,4780,0.0016,91000,34344,125344,2576,48.7
2022_4_29_0.0283_13.3025,0.0283,13.3025,BFA,Burkina Faso,BFA.8.1_1,Est,2022,4,29,BFA,Est,Boukargou,communications,antenna,Looting/property destruction,arson,burned,"Property destruction: On 29 April 2022, presumed JNIM militants burned a telecommunications antenna in the village of Boukargou (Coalla, Gnagna).",0,JNIM: Group for Support of Islam and Muslims,,Rebel Groups,Civilians (Burkina Faso),,Civilians,Armed Conflict Location & Event Data Project (ACLED); www.acleddata.com,GSM,,,40000,15000,5000,30000,1000,91000,11448,2872017,4596,0.0016,91000,33048,124048,2576,48.2
2022_7_1_-0.4536_12.9648,-0.4536,12.9648,BFA,Burkina Faso,BFA.4.2_1,Centre-Nord,2022,7,1,BFA,Centre-Nord,Zeguedeguen,communications,antenna,Armed clash,arson,burned,"On 1 July 2022, presumed JNIM militants attacked the gendarmerie in the town of Zeguedeguen (Zeguedeguen, Namentenga). One gendarme was killed, and the militants burned the facility, tricycles, and a telecommunications antenna.",1,JNIM: Group for Support of Islam and Muslims,,Rebel Groups,Police Forces of Burkina Faso (2022-) Gendarmerie,,State Forces,Armed Conflict Location & Event Data Project (ACLED); www.acleddata.com,GSM,,,40000,15000,5000,30000,1000,91000,22663,6988778,11184,0.0016,91000,80419,171419,2576,66.5
2022_2_6_-0.0636_11.6147,-0.0636,11.6147,BFA,Burkina Faso,BFA.3.2_1,Centre-Est,2022,2,6,BFA,Centre-Est,Lalgaye,communications,antenna,Looting/property destruction,arson,burned,"Property destruction: On 6 February 2022, presumed JNIM militants burned telecommunications antennas in the area of Lalgaye (Lalgaye, Koulpelogo).",0,JNIM: Group for Support of Islam and Muslims,,Rebel Groups,Civilians (Burkina Faso),,Civilians,Armed Conflict Location & Event Data Project (ACLED); www.acleddata.com,GSM,613.0,2.0,40000,15000,5000,30000,1000,91000,22032,5887089,9414,0.0016,91000,67742,158742,2576,61.6
2021_2_27_-1.4817_14.0664,-1.4817,14.0664,BFA,Burkina Faso,BFA.12.3_1,Sahel,2021,2,27,BFA,Sahel,Tongomayel,communications,antenna,Looting/property destruction,sabotage_removed,unknown,"Looting: On 27 February 2021, presumed JNIM militants removed a generator from a telecommunications antenna in Tongomayel (Tongomayel, Soum).",0,JNIM: Group for Support of Islam and Muslims,,Rebel Groups,Civilians (Burkina Faso),,Civilians,Armed Conflict Location & Event Data Project (ACLED); www.acleddata.com,GSM,,,40000,15000,5000,30000,1000,91000,11640,2747997,4389,0.0016,91000,31621,122621,2576,47.6
2022_10_14_-2.2078_13.549,-2.2078,13.549,BFA,Burkina Faso,BFA.10.3_1,Nord,2022,10,14,BFA,Nord,Boulounga,communications,antenna,Looting/property destruction,arson,burned,"Property destruction: On 14 October 2022, presumed JNIM militants burned seven house yards and telecommunications antennas in the village of Boulounga (Namissiguima, Yatenga).",0,JNIM: Group for Support of Islam and Muslims,,Rebel Groups,Civilians (Burkina Faso),,Civilians,Armed Conflict Location & Event Data Project (ACLED); www.acleddata.com,GSM,,,40000,15000,5000,30000,1000,91000,25080,7200160,11528,0.0016,91000,82851,173851,2576,67.5
2022_2_24_-1.569_13.5406,-1.569,13.5406,BFA,Burkina Faso,BFA.4.1_1,Centre-Nord,2022,2,24,BFA,Centre-Nord,Wousse,communications,antenna,Looting/property destruction,sabotage,unknown,"Property destruction: On 24 February 2022, presumed JNIM militants sabotaged an electric line and a telecommunications antenna in the area of Wousse (Kongoussi, Bam).",0,JNIM: Group for Support of Islam and Muslims,,Rebel Groups,Civilians (Burkina Faso),,Civilians,Armed Conflict Location & Event Data Project (ACLED); www.acleddata.com,GSM,,,40000,15000,5000,30000,1000,91000,16053,4806964,7695,0.0016,91000,55313,146313,2576,56.8
2022_1_16_-3.2_12.8166,-3.2,12.8166,BFA,Burkina Faso,BFA.1.5_1,Boucle du Mouhoun,2022,1,16,BFA,Boucle du Mouhoun,Gassan,communications,antenna,Looting/property destruction,destruction,destroyed,"Property destruction: On 16 January 2022, presumed JNIM militants destroyed several telecommunications antennas in the town of Gassan (Gassan, Nayala).",0,JNIM: Group for Support of Islam and Muslims,,Rebel Groups,Civilians (Burkina Faso),,Civilians,Armed Conflict Location & Event Data Project (ACLED); www.acleddata.com,GSM,,,40000,15000,5000,30000,1000,91000,14014,3948342,6317,0.0016,91000,45433,136433,2576,53.0
2022_5_6_-0.1496_13.3896,-0.1496,13.3896,BFA,Burkina Faso,BFA.8.1_1,Est,2022,5,6,BFA,Est,Nieba,communications,antenna,Looting/property destruction,arson,burned,"Property destruction: On 6 May 2022, presumed JNIM militants burned a high school and telecommunications antennas in the village of Nieba (Coalla, Gnagna).",0,JNIM: Group for Support of Islam and Muslims,,Rebel Groups,Civilians (Burkina Faso),,Civilians,Armed Conflict Location & Event Data Project (ACLED); www.acleddata.com,GSM,,,40000,15000,5000,30000,1000,91000,6241,1810002,2896,0.0016,91000,20827,111827,2576,43.4
2022_10_8_-3.535_11.2982,-3.535,11.2982,BFA,Burkina Faso,BFA.9.3_1,Haut-Bassins,2022,10,8,BFA,Hauts-Bassins,Pe,communications,antenna,Looting/property destruction,arson,burned,"Property destruction: On 8 October 2022, presumed JNIM militants burned a telecommunications antenna in the village of Pe (Koumbia, Tuy).",0,JNIM: Group for Support of Islam and Muslims,,Rebel Groups,Civilians (Burkina Faso),,Civilians,Armed Conflict Location & Event Data Project (ACLED); www.acleddata.com,GSM,,,40000,15000,5000,30000,1000,91000,13096,3623591,5803,0.0016,91000,41696,132696,2576,51.5
2023_1_30_-0.3204_12.4845,-0.3204,12.4845,BFA,Burkina Faso,BFA.3.3_1,Centre-Est,2023,1,30,BFA,Centre-Est,Ouenga,communications,installation,Looting/property destruction,ransacking,unknown,"Property destruction: On 30 January 2023, presumed JNIM militants vandalized cell phone installations in Ouenga (Andemtenga, Kourittenga).",0,JNIM: Group for Support of Islam and Muslims,,Rebel Groups,Civilians (Burkina Faso),,Civilians,Armed Conflict Location & Event Data Project (ACLED); www.acleddata.com,GSM,613.0,2.0,40000,15000,5000,30000,1000,91000,16078,4531204,7248,0.0016,91000,52140,143140,2576,55.6
2021_11_22_0.9074_13.4411,0.9074,13.4411,BFA,Burkina Faso,BFA.12.4_1,Sahel,2021,11,22,BFA,Sahel,Boundore,communications,antenna,Looting/property destruction,destruction,destroyed,"Property destruction: On 22 November 2021, presumed JNIM militants destroyed telecommunications antennas in the town of Boundore (Boundore, Yagha).",0,JNIM: Group for Support of Islam and Muslims,,Rebel Groups,Civilians (Burkina Faso),,Civilians,Armed Conflict Location & Event Data Project (ACLED); www.acleddata.com,GSM,,,40000,15000,5000,30000,1000,91000,9391,2082884,3333,0.0016,91000,23967,114967,2576,44.6
2022_2_23_-1.5475_13.4985,-1.5475,13.4985,BFA,Burkina Faso,BFA.4.1_1,Centre-Nord,2022,2,23,BFA,Centre-Nord,Yalka,communications,antenna,Looting/property destruction,arson,burned,"Property destruction: On 23 February 2022, presumed JNIM militants burned a telecommunications antenna and a volunteer fighter (VDP) headquarters in the village of Yalka (Kongoussi, Bam). The militants called on the VDP to disarm.",0,JNIM: Group for Support of Islam and Muslims,,Rebel Groups,Civilians (Burkina Faso),VDP: Volunteer for Defense of Homeland,Civilians,Armed Conflict Location & Event Data Project (ACLED); www.acleddata.com,GSM,,,40000,15000,5000,30000,1000,91000,10458,3095809,4951,0.0016,91000,35623,126623,2576,49.2
2022_2_19_1.3169_12.4037,1.3169,12.4037,BFA,Burkina Faso,BFA.8.5_1,Est,2022,2,19,BFA,Est,Sakoani,communications,antenna,Looting/property destruction,destruction,destroyed,"Property destruction: On 19 February 2022, presumed JNIM militants destroyed telecommunications antennas in the village of Sakoani (Kantchari, Tapoa).",0,JNIM: Group for Support of Islam and Muslims,,Rebel Groups,Civilians (Burkina Faso),,Civilians,Armed Conflict Location & Event Data Project (ACLED); www.acleddata.com,GSM,613.0,1.0,40000,15000,5000,30000,1000,91000,9002,2839951,4539,0.0016,91000,32679,123679,2576,48.0
2022_12_30_-1.165_13.1482,-1.165,13.1482,BFA,Burkina Faso,BFA.4.3_1,Centre-Nord,2022,12,30,BFA,Centre-Nord,Delga,communications,installation,Looting/property destruction,destruction,destroyed,"Property destruction: On 30 December 2022, presumed JNIM militants destroyed a telecommunications installation in the village of Delga (Kaya, Sanmatenga).",0,JNIM: Group for Support of Islam and Muslims,,Rebel Groups,Civilians (Burkina Faso),,Civilians,Armed Conflict Location & Event Data Project (ACLED); www.acleddata.com,GSM,613.0,2.0,40000,15000,5000,30000,1000,91000,40369,17230108,27566,0.0016,91000,198264,289264,2576,112.3
2022_3_5_-2.8146_13.1271,-2.8146,13.1271,BFA,Burkina Faso,BFA.1.6_1,Boucle du Mouhoun,2022,3,5,BFA,Boucle du Mouhoun,Bonou,communications,antenna,Looting/property destruction,arson,burned,"Property destruction: On 5 March 2022, presumed JNIM militants burned a telecommunications antenna in the village of Bonou (Tougan, Sourou).",0,JNIM: Group for Support of Islam and Muslims,,Rebel Groups,Civilians (Burkina Faso),,Civilians,Armed Conflict Location & Event Data Project (ACLED); www.acleddata.com,GSM,,,40000,15000,5000,30000,1000,91000,6339,2084667,3334,0.0016,91000,23988,114988,2576,44.6
2022_9_8_-4.189_12.0804,-4.189,12.0804,BFA,Burkina Faso,BFA.1.2_1,Boucle du Mouhoun,2022,9,8,BFA,Boucle du Mouhoun,Bena,communications,antenna,Looting/property destruction,arson,burned,"Property destruction: On 8 September 2022, presumed JNIM militants burned telecommunications antennas in the village of Bena (Solenzo, Banwa).",0,JNIM: Group for Support of Islam and Muslims,,Rebel Groups,Civilians (Burkina Faso),,Civilians,Armed Conflict Location & Event Data Project (ACLED); www.acleddata.com,GSM,,,40000,15000,5000,30000,1000,91000,24980,7363831,11783,0.0016,91000,84734,175734,2576,68.2
2022_7_26_0.505_11.703,0.505,11.703,BFA,Burkina Faso,BFA.8.2_1,Est,2022,7,26,BFA,Est,Natiaboani,communications,antenna,Looting/property destruction,sabotage,unknown,"Property destruction: On 26 July 2022, overnight presumed JNIM militants sabotaged a telecommunications antenna near the village of Natiaboani (Fada Ngourma, Gourma).",0,JNIM: Group for Support of Islam and Muslims,,Rebel Groups,Civilians (Burkina Faso),,Civilians,Armed Conflict Location & Event Data Project (ACLED); www.acleddata.com,GSM,,,40000,15000,5000,30000,1000,91000,15579,4082899,6528,0.0016,91000,46981,137981,2576,53.6
2020_5_11_0.5875_11.3512,0.5875,11.3512,BFA,Burkina Faso,BFA.8.4_1,Est,2020,5,11,BFA,Est,Kabonga,communications,antenna,Looting/property destruction,destruction,destroyed,"Property destruction: On 11 May 2020, presumed JNIM militants briefly detained two telecommunication technicians in Kabonga (Pama, Kompienga), and in front of them destroyed the antenna that the technicians were supposed to repair before releasing them.",0,JNIM: Group for Support of Islam and Muslims,,Rebel Groups,Civilians (Burkina Faso),Labour Group (Burkina Faso),Civilians,Armed Conflict Location & Event Data Project (ACLED); www.acleddata.com,GSM,,,40000,15000,5000,30000,1000,91000,12470,3171039,5058,0.0016,91000,36489,127489,2576,49.5
2022_10_6_-3.4779_11.1344,-3.4779,11.1344,BFA,Burkina Faso,BFA.13.1_1,Sud-Ouest,2022,10,6,BFA,Sud-Ouest,Nahirindon,communications,antenna,Looting/property destruction,ransacking,unknown,"Property destruction: On 6 October 2022, presumed JNIM militants vandalized telecommunications antennas in the village of Nahirindon (Gbondjigui, Bougouriba).",0,JNIM: Group for Support of Islam and Muslims,,Rebel Groups,Civilians (Burkina Faso),,Civilians,Armed Conflict Location & Event Data Project (ACLED); www.acleddata.com,GSM,,,40000,15000,5000,30000,1000,91000,6785,1620152,2589,0.0016,91000,18643,109643,2576,42.6
2022_12_4_-2.6333_11.2666,-2.6333,11.2666,BFA,Burkina Faso,BFA.5.3_1,Centre-Ouest,2022,12,4,BFA,Centre-Ouest,Niabouri,communications,antenna,Looting/property destruction,ransacking,unknown,"Property destruction: On 4 December 2022, presumed JNIM militants vandalized the mayor's office and telecommunications antennas in the village of Niabouri (Niabouri, Sissili).",0,JNIM: Group for Support of Islam and Muslims,,Rebel Groups,Civilians (Burkina Faso),Government of Burkina Faso (2022-),Civilians,Armed Conflict Location & Event Data Project (ACLED); www.acleddata.com,GSM,,,40000,15000,5000,30000,1000,91000,20496,4339503,6938,0.0016,91000,49934,140934,2576,54.7
2022_9_3_-2.5999_13.0998,-2.5999,13.0998,BFA,Burkina Faso,BFA.10.4_1,Nord,2022,9,3,BFA,Nord,Bangasse,communications,installation,Looting/property destruction,ransacking,unknown,"Property destruction: On 3 September 2022, presumed JNIM militants vandalized a school and telecommunications installations in the village of Bangasse (Boussou, Zondoma).",0,JNIM: Group for Support of Islam and Muslims,,Rebel Groups,Civilians (Burkina Faso),,Civilians,Armed Conflict Location & Event Data Project (ACLED); www.acleddata.com,GSM,,,40000,15000,5000,30000,1000,91000,8245,2325255,3717,0.0016,91000,26756,117756,2576,45.7
2022_1_28_0.6079_12.0249,0.6079,12.0249,BFA,Burkina Faso,BFA.8.2_1,Est,2022,1,28,BFA,Est,Namoungou,communications,antenna,Looting/property destruction,destruction,destroyed,"Property destruction: On 28 January 2022, presumed JNIM militants destroyed telecommunications antennas near the village of Namoungou (Fada Ngourma, Gourma).",0,JNIM: Group for Support of Islam and Muslims,,Rebel Groups,Civilians (Burkina Faso),,Civilians,Armed Conflict Location & Event Data Project (ACLED); www.acleddata.com,GSM,613.0,1.0,40000,15000,5000,30000,1000,91000,15578,4492172,7193,0.0016,91000,51691,142691,2576,55.4
2022_2_4_-3.4151_13.169,-3.4151,13.169,BFA,Burkina Faso,BFA.1.6_1,Boucle du Mouhoun,2022,2,4,BFA,Boucle du Mouhoun,Di,communications,antenna,Looting/property destruction,sabotage,unknown,"Property destruction: Around 4 February 2022 (as reported), presumed JNIM militants sabotaged a telecommunications installation in the town of Di (Di, Sourou).",0,JNIM: Group for Support of Islam and Muslims,,Rebel Groups,Civilians (Burkina Faso),,Civilians,Armed Conflict Location & Event Data Project (ACLED); www.acleddata.com,UMTS,613.0,2.0,40000,15000,5000,30000,1000,91000,19588,7241455,11580,0.0016,91000,83326,174326,2576,67.7
2022_2_3_-3.472_12.6004,-3.472,12.6004,BFA,Burkina Faso,BFA.1.4_1,Boucle du Mouhoun,2022,2,3,BFA,Boucle du Mouhoun,Soukui,communications,antenna,Looting/property destruction,sabotage,unknown,"Property destruction: On 3 February 2022, presumed JNIM militants sabotaged a telecommunications antenna in the village of Soukui (Dedougou, Mouhoun).",0,JNIM: Group for Support of Islam and Muslims,,Rebel Groups,Civilians (Burkina Faso),,Civilians,Armed Conflict Location & Event Data Project (ACLED); www.acleddata.com,GSM,,,40000,15000,5000,30000,1000,91000,16933,4467920,7151,0.0016,91000,51412,142412,2576,55.3
2022_2_10_0.1526_12.4178,0.1526,12.4178,BFA,Burkina Faso,BFA.8.1_1,Est,2022,2,10,BFA,Est,Botou,communications,antenna,Looting/property destruction,destruction,destroyed,"Property destruction: On 10 February 2022, presumed JNIM militants destroyed telecommunications antennas in the village of Botou (Bilanga, Gnagna).",0,JNIM: Group for Support of Islam and Muslims,,Rebel Groups,Civilians (Burkina Faso),,Civilians,Armed Conflict Location & Event Data Project (ACLED); www.acleddata.com,GSM,,,40000,15000,5000,30000,1000,91000,12868,3141149,5030,0.0016,91000,36145,127145,2576,49.4
2022_10_6_-3.5133_11.109,-3.5133,11.109,BFA,Burkina Faso,BFA.13.1_1,Sud-Ouest,2022,10,6,BFA,Sud-Ouest,Intiedougou,communications,antenna,Looting/property destruction,ransacking,unknown,"Property destruction: On 6 October 2022, presumed JNIM militants vandalized telecommunications antennas in the village of Intiedougou (Gbondjigui, Bougouriba).",0,JNIM: Group for Support of Islam and Muslims,,Rebel Groups,Civilians (Burkina Faso),,Civilians,Armed Conflict Location & Event Data Project (ACLED); www.acleddata.com,GSM,,,40000,15000,5000,30000,1000,91000,5185,1385040,2220,0.0016,91000,15937,106937,2576,41.5
2022_6_29_0.5264_13.4417,0.5264,13.4417,BFA,Burkina Faso,BFA.12.4_1,Sahel,2022,6,29,BFA,Sahel,Sebba,communications,antenna,Looting/property destruction,destruction,destroyed,"Property destruction: On 29 June 2022, presumed IS Sahel militants destroyed telecommunications antennas on the road between Sebba (Sebba, Yagha) and Dori (Dori, Seno).",0,Islamic State (West Africa) - Greater Sahara Faction,,Rebel Groups,Civilians (Burkina Faso),,Civilians,Armed Conflict Location & Event Data Project (ACLED); www.acleddata.com,GSM,,,40000,15000,5000,30000,1000,91000,17187,4709368,7522,0.0016,91000,54190,145190,2576,56.4
2022_1_26_0.8333_11.1574,0.8333,11.1574,BFA,Burkina Faso,BFA.8.4_1,Est,2022,1,26,BFA,Est,Nadiagou,communications,antenna,Looting/property destruction,ransacking,unknown,"Property destruction: On 26 January 2022, presumed JNIM militants vandalized a telecommunications antenna about 8km southeast of Nadiagou (Pama, Kompienga).",0,JNIM: Group for Support of Islam and Muslims,,Rebel Groups,Civilians (Burkina Faso),,Civilians,Armed Conflict Location & Event Data Project (ACLED); www.acleddata.com,GSM,613.0,2.0,40000,15000,5000,30000,1000,91000,12453,3730943,5975,0.0016,91000,42931,133931,2576,52.0
2022_8_19_-0.2017_12.288,-0.2017,12.288,BFA,Burkina Faso,BFA.8.1_1,Est,2022,8,19,BFA,Centre-Est,Sabrabinatenga,communications,antenna,Looting/property destruction,arson,burned,"Property destruction: On 19 August 2022, presumed JNIM militants burned telecommunications antennas in the village of Sabrabinatenga (Andemtenga, Kourittenga).",0,JNIM: Group for Support of Islam and Muslims,,Rebel Groups,Civilians (Burkina Faso),,Civilians,Armed Conflict Location & Event Data Project (ACLED); www.acleddata.com,GSM,613.0,2.0,40000,15000,5000,30000,1000,91000,17051,4621763,7395,0.0016,91000,53182,144182,2576,56.0
2019_4_19_-0.7166_14.0482,-0.7166,14.0482,BFA,Burkina Faso,BFA.12.3_1,Sahel,2019,4,19,BFA,Sahel,Djika,communications,other,Attack on civilians,sabotage,damaged,"On 19 April 2019, presumed ISGS militants attacked the village of Djika (Soum, Sahel). Seven people including three school construction workers were reportedly killed, two vehicles burned, telecommunications mast damaged, and livestock seized.",7,Islamic State (West Africa) - Greater Sahara Faction,,Rebel Groups,Civilians (Burkina Faso),Labour Group (Burkina Faso),Civilians,Armed Conflict Location & Event Data Project (ACLED); www.acleddata.com,GSM,,,40000,15000,5000,30000,1000,91000,11658,3109560,4972,0.0016,91000,35781,126781,2576,49.2
2022_2_7_0.3386_12.2975,0.3386,12.2975,BFA,Burkina Faso,BFA.8.2_1,Est,2022,2,7,BFA,Est,Yamba,communications,antenna,Looting/property destruction,sabotage,unknown,"Property destruction: On 7 February 2022, presumed JNIM militants sabotaged a telecommunications antenna in the town of Yamba (Yamba, Gourma).",0,JNIM: Group for Support of Islam and Muslims,,Rebel Groups,Civilians (Burkina Faso),,Civilians,Armed Conflict Location & Event Data Project (ACLED); www.acleddata.com,GSM,613.0,2.0,40000,15000,5000,30000,1000,91000,11010,2972316,4768,0.0016,91000,34202,125202,2576,48.6
2022_10_31_-0.36_11.3693,-0.36,11.3693,BFA,Burkina Faso,BFA.3.1_1,Centre-Est,2022,10,31,BFA,Centre-Est,Gnangdin,communications,antenna,Looting/property destruction,arson,burned,"Property destruction: On 31 October 2022, presumed JNIM militants burned telecommunication antennas in the village of Gnangdin (Bittou, Boulgou).",0,JNIM: Group for Support of Islam and Muslims,,Rebel Groups,Civilians (Burkina Faso),,Civilians,Armed Conflict Location & Event Data Project (ACLED); www.acleddata.com,UMTS,613.0,1.0,40000,15000,5000,30000,1000,91000,18687,4902917,7845,0.0016,91000,56417,147417,2576,57.2
2011_4_15_-1.5247_12.3703,-1.5247,12.3703,BFA,Burkina Faso,BFA.7.1_1,Centre,2011,4,15,BFA,Centre,Ouagadougou,communications,radio station,Violent demonstration,ransacking,unknown,"Soldiers from three barracks took to the streets of the Burkina Faso capital overnight, firing into the air and pillaging as their mutiny entered a third day, an AFP journalist reported Saturday. A group of mutinous soldiers in the early hours of 15 Apri",0,Rioters (Burkina Faso),Military Forces of Burkina Faso (1987-2014),Rioters,,,,Armed Conflict Location & Event Data Project (ACLED); www.acleddata.com,LTE,613.0,2.0,40000,15000,5000,30000,1000,91000,2449705,3273727439,5237959,0.0016,91000,37670288,37761288,2576,14658.9
2022_3_24_-2.3336_13.6758,-2.3336,13.6758,BFA,Burkina Faso,BFA.10.3_1,Nord,2022,3,24,BFA,Nord,Aorema,communications,antenna,Remote explosive/landmine/IED,ied,destroyed,"On 24 March 2022, presumed JNIM militants set off explosives and destroyed telecommunications antenna in the village of Aorema (Ouahigouya, Yatenga).",0,JNIM: Group for Support of Islam and Muslims,,Rebel Groups,,,,Armed Conflict Location & Event Data Project (ACLED); www.acleddata.com,UMTS,613.0,1.0,40000,15000,5000,30000,1000,91000,10557,4686675,7501,0.0016,91000,53929,144929,2576,56.3
2022_8_29_-4.09_12.18,-4.09,12.18,BFA,Burkina Faso,BFA.1.2_1,Boucle du Mouhoun,2022,8,29,BFA,Boucle du Mouhoun,Solenzo,communications,antenna,Looting/property destruction,sabotage,unknown,"Property destruction: On 29 August 2022, presumed JNIM militants burned the offices of National Identification Office (ONI) and sabotaged telecommunications antennas and a vehicle of a policeman in the town of Solenzo (Solenzo, Banwa).",0,JNIM: Group for Support of Islam and Muslims,,Rebel Groups,Civilians (Burkina Faso),,Civilians,Armed Conflict Location & Event Data Project (ACLED); www.acleddata.com,UMTS,613.0,1.0,40000,15000,5000,30000,1000,91000,28269,8492827,13585,0.0016,91000,97726,188726,2576,73.3
2022_2_6_-3.8195_10.0524,-3.8195,10.0524,BFA,Burkina Faso,BFA.13.4_1,Sud-Ouest,2022,2,6,BFA,Sud-Ouest,Djigoue,communications,antenna,Attack on civilians,destruction,destroyed,"On 6 February 2022, presumed JNIM militants shot and wounded a mentally ill person insulting them and destroyed a telecommunications antenna in the village of Djigoue (Djigoue, Poni).",0,JNIM: Group for Support of Islam and Muslims,,Rebel Groups,Civilians (Burkina Faso),,Civilians,Armed Conflict Location & Event Data Project (ACLED); www.acleddata.com,GSM,,,40000,15000,5000,30000,1000,91000,22883,6695291,10722,0.0016,91000,77042,168042,2576,65.2
2022_2_20_-0.541_13.4151,-0.541,13.4151,BFA,Burkina Faso,BFA.4.2_1,Centre-Nord,2022,2,20,BFA,Centre-Nord,Tafogo,communications,antenna,Looting/property destruction,destruction,destroyed,"Property destruction: On 20 February 2022, presumed JNIM militants destroyed a telecommunications antenna in the village of Tafogo (Tougouri, Namentenga).",0,JNIM: Group for Support of Islam and Muslims,,Rebel Groups,Civilians (Burkina Faso),,Civilians,Armed Conflict Location & Event Data Project (ACLED); www.acleddata.com,GSM,,,40000,15000,5000,30000,1000,91000,9183,2491427,3982,0.0016,91000,28668,119668,2576,46.5
2022_10_12_-2.3476_13.3857,-2.3476,13.3857,BFA,Burkina Faso,BFA.10.4_1,Nord,2022,10,12,BFA,Nord,Leba,communications,antenna,Looting/property destruction,arson,partially burned,"Property destruction: On 12 October 2022, presumed JNIM militants burned the generator of a telecommunications antenna and vandalized a school in the village of Leba (Leba, Zondoma).",0,JNIM: Group for Support of Islam and Muslims,,Rebel Groups,Civilians (Burkina Faso),,Civilians,Armed Conflict Location & Event Data Project (ACLED); www.acleddata.com,GSM,613.0,1.0,40000,15000,5000,30000,1000,91000,25224,7320801,11720,0.0016,91000,84239,175239,2576,68.0
2023_3_29_-0.5413_12.7226,-0.5413,12.7226,BFA,Burkina Faso,BFA.4.2_1,Centre-Nord,2023,3,29,BFA,Centre-Nord,Zambanga,communications,installation,Looting/property destruction,ransacking,unknown,"Property destruction: On 29 March 2023, presumed JNIM militants vandalized cell phone installations in the village of Zambanga (Boulsa, Namentenga).",0,JNIM: Group for Support of Islam and Muslims,,Rebel Groups,Civilians (Burkina Faso),,Civilians,Armed Conflict Location & Event Data Project (ACLED); www.acleddata.com,UMTS,613.0,1.0,40000,15000,5000,30000,1000,91000,30790,13822820,22122,0.0016,91000,159057,250057,2576,97.1
2022_12_25_-0.6829_11.2846,-0.6829,11.2846,BFA,Burkina Faso,BFA.3.1_1,Centre-Est,2022,12,25,BFA,Centre-Est,Wangala,communications,antenna,Abduction/forced disappearance,sabotage,unknown,"On 25 December 2022, presumed JNIM militants abducted a mechanic and sabotaged telecommunications antennas in the village of Wangala (Zabre, Boulgou).",0,JNIM: Group for Support of Islam and Muslims,,Rebel Groups,Civilians (Burkina Faso),Labour Group (Burkina Faso),Civilians,Armed Conflict Location & Event Data Project (ACLED); www.acleddata.com,GSM,613.0,1.0,40000,15000,5000,30000,1000,91000,26239,6829853,10921,0.0016,91000,78590,169590,2576,65.8
2022_2_4_-3.2974_13.0747,-3.2974,13.0747,BFA,Burkina Faso,BFA.1.6_1,Boucle du Mouhoun,2022,2,4,BFA,Boucle du Mouhoun,Kassoum,communications,antenna,Looting/property destruction,sabotage,unknown,"Property destruction: Around 4 February 2022 (as reported), presumed JNIM militants sabotaged a telecommunications installation in the town of Kassoum (Kassoum, Sourou).",0,JNIM: Group for Support of Islam and Muslims,,Rebel Groups,Civilians (Burkina Faso),,Civilians,Armed Conflict Location & Event Data Project (ACLED); www.acleddata.com,GSM,,,40000,15000,5000,30000,1000,91000,10100,2991725,4784,0.0016,91000,34425,125425,2576,48.7
2021_5_7_0.4199_13.9931,0.4199,13.9931,BFA,Burkina Faso,BFA.12.2_1,Sahel,2021,5,7,BFA,Tillaberi,Petel Kole,communications,antenna,Looting/property destruction,arson,burned,"Property destruction: On 7 May 2021, presumed ISWAP (Greater Sahara) militants burned a telecom antenna in the village of Petel Kole (Tera, Tillaberi).",0,Islamic State (West Africa) - Greater Sahara Faction,,Rebel Groups,Civilians (Niger),,Civilians,Armed Conflict Location & Event Data Project (ACLED); www.acleddata.com,GSM,,,40000,15000,5000,30000,1000,91000,9459,2368507,3793,0.0016,91000,27254,118254,2576,45.9
2022_11_26_-3.6664_10.3116,-3.6664,10.3116,BFA,Burkina Faso,BFA.13.4_1,Sud-Ouest,2022,11,26,BFA,Sud-Ouest,Lokosso-Gan,communications,antenna,Attack on civilians,destruction,destroyed,"On 26 November 2022, presumed JNIM militants killed a volunteer fighter (VDP) recruit (assumed off-duty) and destroyed telecommunications antennas in the village of Lokosso-Gan (Loropeni, Poni).",1,JNIM: Group for Support of Islam and Muslims,,Rebel Groups,Civilians (Burkina Faso),VDP: Volunteer for Defense of Homeland,Civilians,Armed Conflict Location & Event Data Project (ACLED); www.acleddata.com,GSM,,,40000,15000,5000,30000,1000,91000,12450,3154560,5054,0.0016,91000,36299,127299,2576,49.4
2021_8_6_0.639_13.165,0.639,13.165,BFA,Burkina Faso,BFA.12.4_1,Sahel,2021,8,6,BFA,Sahel,Mansila,communications,antenna,Looting/property destruction,ransacking,unknown,"Property destruction: On 6 August 2021, presumed JNIM militants vandalized a telecommunications antenna in the commune of Mansila (Mansila, Yagha).",0,JNIM: Group for Support of Islam and Muslims,,Rebel Groups,Civilians (Burkina Faso),,Civilians,Armed Conflict Location & Event Data Project (ACLED); www.acleddata.com,GSM,,,40000,15000,5000,30000,1000,91000,15004,4148506,6632,0.0016,91000,47736,138736,2576,53.9
